y_trainval,cat_full_pred_trainval,abs_residual
2.0,2.4581362962407747,0.4581362962407747
1.0,1.2520769016879403,0.2520769016879403
5.0,3.864975830219893,1.135024169780107
1.0,1.2520769016879403,0.2520769016879403
5.0,4.617416391972489,0.38258360802751135
4.0,3.934799671841703,0.0652003281582969
4.0,4.337114803522618,0.3371148035226179
1.0,1.3114919512456866,0.3114919512456866
7.0,6.594219287311678,0.4057807126883217
4.0,4.01536369780661,0.015363697806609622
3.0,2.7834252362213223,0.21657476377867768
5.0,4.678882906178482,0.32111709382151776
6.0,6.130033690699165,0.1300336906991646
0.0,0.26126070619488617,0.26126070619488617
1.0,1.7716626320597437,0.7716626320597437
3.0,2.5561899836770006,0.44381001632299943
5.0,4.638350885198143,0.3616491148018568
6.0,5.222926956978343,0.777073043021657
3.0,2.846424514857038,0.15357548514296182
2.0,2.3490569202854505,0.34905692028545054
0.0,1.3430230121705955,1.3430230121705955
2.0,2.4326137838841086,0.43261378388410865
3.0,2.206778218608786,0.7932217813912139
4.0,2.7550084479766133,1.2449915520233867
4.0,3.76303186174714,0.2369681382528599
2.0,2.4540397086321555,0.4540397086321555
3.0,2.2865109410805347,0.7134890589194653
3.0,3.634120956595134,0.634120956595134
3.0,2.91773320282605,0.08226679717395013
1.0,1.171425342339101,0.171425342339101
2.0,2.2563238598103523,0.25632385981035233
1.0,1.0432119098560393,0.04321190985603929
4.0,3.8722148015426257,0.12778519845737435
1.0,0.8395665301916422,0.16043346980835782
3.0,2.9777537331598123,0.02224626684018771
2.0,2.5822650550092647,0.5822650550092647
1.0,1.3201765443339413,0.32017654433394127
2.0,1.7713768833783847,0.22862311662161527
1.0,0.949918885449349,0.05008111455065101
3.0,2.8820906609269668,0.11790933907303325
3.0,2.390395038433813,0.6096049615661872
1.0,1.3117990789501157,0.3117990789501157
3.0,2.184211340325782,0.8157886596742179
1.0,1.324559973061574,0.324559973061574
2.0,2.627146954388612,0.6271469543886119
5.0,4.772070262289569,0.227929737710431
1.0,1.657983590284713,0.6579835902847131
3.0,3.24138892607512,0.24138892607511986
2.0,1.4727092693440413,0.5272907306559587
1.0,2.083069200039601,1.083069200039601
0.0,0.6348108405579578,0.6348108405579578
5.0,2.874675133328048,2.125324866671952
1.0,1.6952577134897828,0.6952577134897828
4.0,2.76059032882611,1.23940967117389
6.0,5.306902217415129,0.6930977825848714
3.0,2.7015073141453607,0.2984926858546393
1.0,1.4020058069802424,0.40200580698024235
2.0,1.8995452264650408,0.10045477353495924
0.0,1.97072993797977,1.97072993797977
4.0,3.700643773605755,0.2993562263942451
2.0,2.545790728132529,0.5457907281325292
4.0,2.330267999742784,1.6697320002572158
1.0,1.0412069627530662,0.041206962753066234
1.0,1.3501128454052842,0.3501128454052842
0.0,0.42814565763129053,0.42814565763129053
4.0,3.16053856827937,0.8394614317206299
0.0,1.0438375276642904,1.0438375276642904
4.0,2.6950968940003532,1.3049031059996468
2.0,1.9803009839637928,0.019699016036207162
6.0,5.487797431505987,0.512202568494013
2.0,1.7847760641863362,0.21522393581366384
2.0,2.0968300767278314,0.0968300767278314
0.0,0.36410385614227136,0.36410385614227136
4.0,3.624530970868017,0.3754690291319829
7.0,6.787475173952009,0.21252482604799106
2.0,1.7959969160195415,0.20400308398045852
1.0,1.5898138130951889,0.5898138130951889
1.0,1.0746910025721856,0.07469100257218564
1.0,0.9832461657995366,0.01675383420046339
2.0,1.7986330481789652,0.2013669518210348
3.0,2.957059059022684,0.04294094097731582
3.0,2.972930178364402,0.02706982163559779
2.0,2.612098356078149,0.6120983560781492
2.0,1.8390682914688303,0.16093170853116967
2.0,1.9242868347250768,0.07571316527492322
4.0,4.102630893836029,0.10263089383602875
3.0,2.9759105989598114,0.02408940104018864
4.0,3.943920871719717,0.05607912828028283
5.0,4.325883513618832,0.674116486381168
2.0,2.426390664789178,0.426390664789178
2.0,2.479887183650779,0.4798871836507792
1.0,0.939335199427729,0.06066480057227097
6.0,4.659022882663795,1.3409771173362053
4.0,3.3263688921737096,0.6736311078262904
1.0,1.168521358636224,0.16852135863622397
4.0,3.962603221793275,0.037396778206725045
4.0,3.9922752629917007,0.007724737008299343
1.0,1.0185314208565277,0.018531420856527703
3.0,2.7297061907237947,0.2702938092762053
5.0,4.877623425188177,0.12237657481182307
3.0,2.7728779677072275,0.2271220322927725
4.0,3.5347540918408504,0.46524590815914957
1.0,2.820768301013366,1.820768301013366
4.0,3.4032787727968192,0.5967212272031808
1.0,1.7965479138903948,0.7965479138903948
2.0,2.4309533486288033,0.4309533486288033
3.0,2.335322685057235,0.6646773149427649
6.0,5.064375349193812,0.9356246508061883
2.0,2.402704462960103,0.4027044629601031
1.0,1.4939765413800512,0.4939765413800512
2.0,1.914656274431026,0.08534372556897396
3.0,2.620845952999169,0.379154047000831
2.0,2.344553667278115,0.3445536672781149
2.0,2.8177842842795355,0.8177842842795355
2.0,2.246014207652312,0.24601420765231197
3.0,3.567306055506678,0.5673060555066778
2.0,1.9804978994544364,0.01950210054556356
3.0,2.4740615851667953,0.5259384148332047
4.0,2.8550009071685425,1.1449990928314575
2.0,2.235035726233639,0.2350357262336389
0.0,2.3477334529230016,2.3477334529230016
1.0,1.516303514050032,0.516303514050032
2.0,2.4876585841757404,0.4876585841757404
3.0,2.6967746087927207,0.3032253912072793
1.0,1.2070221907381533,0.2070221907381533
2.0,2.200428256802497,0.2004282568024971
0.0,0.7222164514475846,0.7222164514475846
3.0,2.713659625596515,0.28634037440348514
2.0,2.6454662518333407,0.6454662518333407
0.0,0.9937030856302875,0.9937030856302875
3.0,2.9322739887725273,0.06772601122747268
2.0,3.173522995932223,1.173522995932223
4.0,4.332938588411993,0.3329385884119933
6.0,4.874310480259815,1.1256895197401846
2.0,2.257200148859182,0.25720014885918197
3.0,2.881330924256766,0.11866907574323404
3.0,2.738309555991919,0.26169044400808117
4.0,3.004790999846553,0.995209000153447
3.0,2.62794036697289,0.37205963302711
2.0,2.4609999868759713,0.4609999868759713
4.0,3.5943093959409946,0.40569060405900537
3.0,2.5456577899559782,0.45434221004402175
1.0,1.8788374147551323,0.8788374147551323
4.0,3.3532183747554467,0.6467816252445533
3.0,2.657033047267585,0.34296695273241484
2.0,1.8087793906759595,0.1912206093240405
3.0,2.6358448577726135,0.36415514222738654
2.0,2.4080351347165614,0.4080351347165614
2.0,2.253126490738446,0.25312649073844584
5.0,3.696660214460863,1.303339785539137
2.0,2.086237197632822,0.08623719763282178
0.0,0.40841631444595006,0.40841631444595006
1.0,1.148108120706053,0.14810812070605306
5.0,4.950537785711784,0.04946221428821573
6.0,5.495174585343296,0.5048254146567039
3.0,3.2155719008489383,0.2155719008489383
3.0,2.8316043747683266,0.1683956252316734
4.0,3.5969627915438567,0.4030372084561433
2.0,1.6882944887825018,0.31170551121749823
1.0,1.0691595549197432,0.06915955491974324
1.0,1.1859018141793225,0.1859018141793225
4.0,2.7615648967392508,1.2384351032607492
3.0,2.758644354482393,0.2413556455176069
6.0,5.631459967766329,0.36854003223367116
2.0,2.071163478866146,0.07116347886614616
6.0,3.89495039862869,2.10504960137131
1.0,1.7729979148325679,0.7729979148325679
0.0,0.20922627953274953,0.20922627953274953
3.0,3.234805650234857,0.23480565023485722
2.0,2.907735609620514,0.9077356096205138
2.0,2.078745159676818,0.07874515967681806
2.0,1.8849938479491812,0.11500615205081877
3.0,3.1560160688736585,0.1560160688736585
1.0,0.7763391914399755,0.22366080856002446
4.0,2.967254096356552,1.0327459036434479
4.0,3.2986232610396606,0.7013767389603394
6.0,5.268487087523881,0.731512912476119
5.0,4.009786981938589,0.9902130180614108
3.0,2.5331987337237325,0.4668012662762675
1.0,1.2588202233372459,0.25882022333724586
5.0,4.323481078133188,0.676518921866812
2.0,2.1546478799640587,0.1546478799640587
3.0,2.9231996552585775,0.0768003447414225
1.0,1.7863217203647923,0.7863217203647923
2.0,1.8902728046849202,0.1097271953150798
3.0,3.104581665067397,0.10458166506739719
3.0,3.3403925620978403,0.3403925620978403
1.0,1.7437915274710014,0.7437915274710014
4.0,3.3299592469961268,0.6700407530038732
5.0,4.2623542412802236,0.7376457587197764
2.0,2.225423996788269,0.22542399678826897
4.0,3.837545954840696,0.16245404515930417
2.0,2.60461424591458,0.60461424591458
2.0,1.552306500453816,0.4476934995461841
5.0,4.7017002075439756,0.29829979245602445
4.0,3.465144183546463,0.5348558164535371
1.0,1.2883621352158796,0.2883621352158796
2.0,2.248861642524792,0.24886164252479182
2.0,2.307258124957134,0.307258124957134
2.0,2.6192183916861547,0.6192183916861547
3.0,2.9221488116467627,0.07785118835323734
3.0,2.8817404887223987,0.11825951127760126
1.0,1.7816776933356973,0.7816776933356973
8.0,7.299583721102616,0.700416278897384
1.0,1.6507579831803365,0.6507579831803365
1.0,1.584838041619473,0.584838041619473
3.0,2.9607735223923837,0.03922647760761633
1.0,1.1593456256436023,0.15934562564360233
0.0,0.37649753850010326,0.37649753850010326
2.0,2.1710051652607474,0.17100516526074738
3.0,3.1515684155524526,0.1515684155524526
1.0,1.2527060432916357,0.2527060432916357
5.0,4.648532714229021,0.35146728577097885
1.0,1.4710455300959029,0.4710455300959029
1.0,1.8253296952835059,0.8253296952835059
3.0,2.555367650312115,0.4446323496878848
2.0,2.5121058574673256,0.5121058574673256
2.0,2.1852242749626956,0.18522427496269556
2.0,2.177425100874526,0.177425100874526
2.0,2.405637438964897,0.4056374389648969
4.0,3.4179899042589854,0.5820100957410146
2.0,2.497001116083888,0.49700111608388786
4.0,2.595116757191836,1.4048832428081641
2.0,1.7464504490712693,0.25354955092873066
5.0,4.655482287893692,0.3445177121063079
3.0,2.7508832294449657,0.24911677055503434
8.0,6.6260050858422925,1.3739949141577075
2.0,3.2520444002416347,1.2520444002416347
2.0,2.444311567461264,0.4443115674612641
3.0,2.8459345964875506,0.15406540351244935
0.0,1.238262011870179,1.238262011870179
3.0,2.4697020048761766,0.5302979951238234
2.0,2.516630201456342,0.516630201456342
2.0,2.064164633979469,0.06416463397946881
2.0,2.1710892674246516,0.17108926742465158
3.0,2.3911461587238523,0.6088538412761477
4.0,3.910169539929999,0.08983046007000084
3.0,3.4006053055405867,0.4006053055405867
2.0,2.0297924106983123,0.02979241069831229
3.0,2.642829740380222,0.3571702596197781
0.0,0.5576557418485448,0.5576557418485448
0.0,0.41207100894517135,0.41207100894517135
3.0,2.7012489375660653,0.2987510624339347
2.0,1.747742331286266,0.2522576687137339
3.0,2.799715342029928,0.2002846579700721
7.0,6.033521461452873,0.9664785385471273
3.0,2.9688950911357974,0.031104908864202585
0.0,0.7383930150878668,0.7383930150878668
2.0,2.4477057287099306,0.44770572870993064
2.0,2.28679358441071,0.2867935844107099
1.0,1.785238820270039,0.7852388202700391
1.0,1.386591221493855,0.38659122149385494
1.0,1.7219902876511892,0.7219902876511892
5.0,3.7775275083824678,1.2224724916175322
2.0,2.537365010319677,0.537365010319677
0.0,1.279818001025972,1.279818001025972
0.0,0.5462760424655313,0.5462760424655313
3.0,2.8103185450836135,0.18968145491638655
5.0,4.252738187709111,0.7472618122908887
1.0,1.6765074521860264,0.6765074521860264
2.0,2.2709614229624293,0.2709614229624293
5.0,4.279611314280656,0.7203886857193442
1.0,1.9967002041120403,0.9967002041120403
3.0,3.071533344124372,0.07153334412437218
3.0,2.701921848286,0.2980781517139999
1.0,1.4095064203487138,0.40950642034871376
1.0,1.0834277468590037,0.08342774685900367
1.0,1.1040460928952844,0.10404609289528444
6.0,5.977258379837177,0.022741620162823217
3.0,3.161355835851005,0.1613558358510052
3.0,3.142835911159029,0.14283591115902894
1.0,1.1709526939596862,0.17095269395968615
2.0,2.3379341494568577,0.33793414945685774
4.0,3.615260599893396,0.384739400106604
2.0,1.9963665947253717,0.0036334052746282985
6.0,5.723088221985155,0.2769117780148447
4.0,3.9056363719923715,0.09436362800762854
3.0,2.8249978844463532,0.17500211555364675
2.0,1.9822028350565017,0.017797164943498256
3.0,2.8443189458910427,0.15568105410895727
2.0,2.0113408088480718,0.01134080884807176
3.0,2.648080228335073,0.35191977166492716
1.0,2.2702728070028653,1.2702728070028653
4.0,3.1994059482986135,0.8005940517013865
2.0,2.138013358378288,0.13801335837828788
3.0,2.718421730769343,0.281578269230657
5.0,5.252817795856373,0.2528177958563731
2.0,2.4884613524920773,0.48846135249207734
2.0,2.1272831736950764,0.12728317369507636
3.0,2.7794095828433387,0.22059041715666128
1.0,1.2344860932306638,0.23448609323066383
1.0,1.4085836675673142,0.40858366756731423
1.0,1.2572517858385348,0.2572517858385348
7.0,6.361731928925145,0.6382680710748554
3.0,2.673400307582587,0.32659969241741305
4.0,3.416926674651556,0.5830733253484439
4.0,3.896588986153048,0.10341101384695195
5.0,4.395215982033078,0.6047840179669217
4.0,3.8357786796718796,0.16422132032812042
4.0,3.508214651665856,0.4917853483341439
2.0,2.443732404540637,0.4437324045406368
5.0,4.672544040036009,0.3274559599639906
3.0,2.737930104492329,0.262069895507671
4.0,4.061136225134902,0.061136225134902134
4.0,3.7687673590789794,0.23123264092102058
4.0,3.378589032351726,0.621410967648274
0.0,1.8868833448015263,1.8868833448015263
4.0,3.5701415553555584,0.42985844464444156
6.0,5.056508075470857,0.9434919245291429
2.0,2.1315659584306585,0.13156595843065855
2.0,2.164874125723517,0.16487412572351712
2.0,2.047014637961428,0.04701463796142802
3.0,2.930352519106991,0.0696474808930092
2.0,2.3439463435057637,0.3439463435057637
3.0,2.4914439351909095,0.5085560648090905
2.0,2.397930164832263,0.39793016483226307
4.0,3.489259103640796,0.5107408963592039
2.0,1.8548733707466603,0.14512662925333975
7.0,5.406791200124548,1.5932087998754518
4.0,3.8621299127978306,0.13787008720216942
3.0,2.9061004887079003,0.09389951129209972
7.0,6.809484255056509,0.19051574494349133
3.0,2.7981404667622445,0.20185953323775552
2.0,2.3276590036713003,0.3276590036713003
1.0,1.6715241366126747,0.6715241366126747
4.0,3.896966608706411,0.10303339129358902
5.0,3.888310752889629,1.111689247110371
4.0,3.577190865996452,0.4228091340035478
1.0,1.5999575873412804,0.5999575873412804
1.0,1.6746744623930796,0.6746744623930796
2.0,2.3734090086725974,0.3734090086725974
4.0,3.581861425941468,0.41813857405853216
3.0,3.0361701046080403,0.036170104608040266
3.0,3.1474733636792958,0.14747336367929575
3.0,2.8399571606575904,0.1600428393424096
4.0,3.723047517232768,0.27695248276723206
5.0,4.3391123720975235,0.6608876279024765
2.0,2.413754274223365,0.41375427422336486
1.0,1.4922948930970807,0.49229489309708074
2.0,2.0082534651250903,0.008253465125090287
4.0,3.8117725344929942,0.18822746550700575
4.0,3.5025505039722957,0.4974494960277043
4.0,3.7810673839149618,0.21893261608503822
0.0,0.12352210124375018,0.12352210124375018
2.0,2.235031610712869,0.23503161071286893
3.0,2.9913987497912418,0.008601250208758238
3.0,3.0121847045092625,0.012184704509262456
0.0,0.9620251311041104,0.9620251311041104
0.0,0.6638080958293249,0.6638080958293249
2.0,1.8415776720789512,0.15842232792104882
5.0,4.66564805484804,0.3343519451519601
2.0,1.9784290331665875,0.02157096683341253
3.0,2.8573852698862594,0.1426147301137406
3.0,3.05549726529713,0.05549726529712995
2.0,2.1982331467592497,0.19823314675924975
2.0,2.566945210550916,0.5669452105509158
1.0,1.7654462121549659,0.7654462121549659
2.0,2.4031781765559392,0.40317817655593924
6.0,5.442695373715896,0.5573046262841039
2.0,2.454108554674312,0.454108554674312
4.0,3.4583004903618786,0.5416995096381214
6.0,4.354117513360516,1.6458824866394837
2.0,2.283028418465622,0.283028418465622
3.0,2.780134061230021,0.21986593876997906
4.0,4.093210239241474,0.09321023924147376
3.0,2.9384432949183084,0.06155670508169164
2.0,2.102906406549146,0.10290640654914585
3.0,2.661652363548359,0.3383476364516409
0.0,0.8883312895091451,0.8883312895091451
4.0,3.8249221331460497,0.17507786685395033
5.0,4.443777526581421,0.556222473418579
1.0,1.2144544700172715,0.21445447001727147
3.0,3.051829175962834,0.051829175962834206
3.0,3.3420026319290166,0.3420026319290166
4.0,3.8592801275204156,0.1407198724795844
5.0,4.799615411055253,0.20038458894474687
0.0,0.8427592907607031,0.8427592907607031
4.0,4.048121533879365,0.0481215338793648
7.0,6.567035998541472,0.43296400145852765
4.0,3.5696283210297812,0.4303716789702188
1.0,1.4792681421114955,0.4792681421114955
2.0,2.0973915860379915,0.09739158603799147
2.0,2.2705091603607905,0.27050916036079053
2.0,2.377539927517667,0.3775399275176672
1.0,1.4743723379372962,0.47437233793729616
10.0,9.12212300927963,0.8778769907203703
3.0,3.025100953137671,0.025100953137671134
5.0,3.978894954807262,1.021105045192738
0.0,0.6347973283157939,0.6347973283157939
4.0,3.4487840817515334,0.5512159182484666
1.0,1.4081977534471162,0.4081977534471162
2.0,2.3384267320450007,0.33842673204500073
3.0,3.182770139011837,0.1827701390118368
3.0,3.1699056596313766,0.1699056596313766
3.0,2.7896864319498427,0.21031356805015733
5.0,4.274259080844048,0.7257409191559523
3.0,3.1178653833116794,0.1178653833116794
4.0,3.561642276155724,0.43835772384427596
2.0,2.362989374598939,0.3629893745989392
3.0,2.7192964240407136,0.2807035759592864
2.0,2.207999089605745,0.2079990896057451
2.0,1.672225301100573,0.327774698899427
2.0,2.452521555437644,0.45252155543764383
0.0,0.5744756832499083,0.5744756832499083
5.0,4.758518951088001,0.24148104891199917
3.0,2.684199756968706,0.31580024303129406
2.0,1.8990745063257646,0.10092549367423542
5.0,4.406883227971665,0.5931167720283348
0.0,0.3803979999851945,0.3803979999851945
3.0,2.561082642355888,0.4389173576441121
3.0,2.7117007214191418,0.28829927858085824
4.0,3.531530301981286,0.4684696980187142
4.0,3.6850493425053936,0.3149506574946064
3.0,2.885134697237007,0.1148653027629929
3.0,2.8108717171731987,0.18912828282680128
1.0,1.396781073804202,0.3967810738042019
0.0,0.4065343855817991,0.4065343855817991
4.0,4.04345707415604,0.04345707415603961
5.0,4.048775046563136,0.9512249534368644
1.0,1.3274160888329662,0.32741608883296625
5.0,4.918683504774485,0.08131649522551498
6.0,5.317154749788127,0.6828452502118729
8.0,6.945304146282168,1.0546958537178321
3.0,3.4585231964386542,0.45852319643865425
2.0,2.6000886966608245,0.6000886966608245
0.0,0.8647539891246092,0.8647539891246092
5.0,4.181922263937679,0.818077736062321
3.0,2.771931173245518,0.22806882675448215
4.0,3.6150855312365753,0.3849144687634247
3.0,3.115229981815915,0.11522998181591504
1.0,1.6486807991515322,0.6486807991515322
2.0,2.1182740199478873,0.11827401994788733
4.0,4.200752678934138,0.20075267893413784
4.0,4.053954540293852,0.05395454029385238
2.0,2.7292298425041683,0.7292298425041683
4.0,3.6546247783143944,0.34537522168560564
11.0,10.60989919891965,0.39010080108035083
3.0,3.0831475798913197,0.08314757989131971
5.0,4.771512529435014,0.22848747056498642
3.0,2.7387167988017698,0.26128320119823023
0.0,0.808252312814635,0.808252312814635
3.0,3.094572674318387,0.09457267431838678
0.0,0.5929644453314253,0.5929644453314253
1.0,1.0682453144368844,0.06824531443688442
6.0,5.442680255100697,0.5573197448993028
2.0,2.1217352383993147,0.12173523839931466
1.0,1.1564393878407542,0.15643938784075417
4.0,3.710420471961057,0.28957952803894305
3.0,3.068417155400454,0.06841715540045401
3.0,3.088038745998075,0.08803874599807493
0.0,0.5030683505984848,0.5030683505984848
0.0,0.3158274232780047,0.3158274232780047
3.0,2.942911246379008,0.05708875362099208
3.0,3.045336374341477,0.04533637434147719
1.0,1.4140969966510055,0.4140969966510055
5.0,4.59174313642654,0.4082568635734596
3.0,2.849601759365576,0.15039824063442397
8.0,6.860963118808495,1.1390368811915046
2.0,2.5651448939810386,0.5651448939810386
8.0,7.241069186039222,0.7589308139607782
5.0,3.7899866532796267,1.2100133467203733
3.0,2.842887131643913,0.15711286835608718
6.0,4.865671056578588,1.134328943421412
3.0,3.110800234643139,0.11080023464313893
0.0,0.9108479996334125,0.9108479996334125
3.0,2.6844126899929113,0.31558731000708873
2.0,1.8741706649865657,0.1258293350134343
2.0,2.0081765960095774,0.00817659600957743
3.0,2.8665243667700127,0.13347563322998734
4.0,3.452166500861648,0.5478334991383522
3.0,3.2238627463196488,0.22386274631964875
2.0,2.2015132954556758,0.20151329545567576
6.0,4.931993867238993,1.068006132761007
3.0,2.786471318486604,0.2135286815133961
0.0,0.625451347352727,0.625451347352727
5.0,4.896106875362693,0.10389312463730693
4.0,3.954255831320531,0.045744168679469066
3.0,2.982278228276349,0.01772177172365108
2.0,2.1281860010575073,0.12818600105750733
2.0,2.094303858027033,0.094303858027033
4.0,4.045755572057871,0.04575557205787106
2.0,2.3633883719836457,0.3633883719836457
4.0,3.6895809020446144,0.3104190979553856
0.0,0.3309451257603322,0.3309451257603322
5.0,4.166926572225984,0.8330734277740159
2.0,2.0175586672876844,0.017558667287684404
2.0,2.0450093676635843,0.04500936766358432
3.0,3.2587123675108494,0.25871236751084936
0.0,0.775180692174049,0.775180692174049
3.0,2.6871199176099116,0.31288008239008835
5.0,4.297922331869188,0.7020776681308121
3.0,2.9032519411926385,0.09674805880736148
2.0,2.6311059574924105,0.6311059574924105
2.0,2.218634681169361,0.21863468116936113
4.0,3.8992924027537263,0.10070759724627365
1.0,1.419909955439955,0.419909955439955
4.0,3.189172259498317,0.8108277405016828
4.0,4.119225279926881,0.11922527992688092
4.0,3.6297763976746147,0.3702236023253853
3.0,2.9478230202715467,0.052176979728453254
2.0,2.2626006945908013,0.26260069459080126
5.0,4.442308916743627,0.5576910832563726
2.0,2.5919747363923076,0.5919747363923076
5.0,4.752634943922487,0.2473650560775127
0.0,0.4427512750264264,0.4427512750264264
4.0,3.839829430004569,0.16017056999543078
7.0,6.386954157920727,0.6130458420792726
3.0,2.5056993429680574,0.4943006570319426
4.0,3.2734785054312954,0.7265214945687046
3.0,2.9629953957801725,0.03700460421982754
4.0,4.140114853643448,0.140114853643448
3.0,3.0119064111682405,0.011906411168240538
4.0,3.4250276493412333,0.5749723506587667
3.0,2.714415506737195,0.2855844932628049
6.0,5.823191400943921,0.17680859905607882
5.0,4.144534439184881,0.8554655608151194
4.0,3.9315058843907877,0.06849411560921226
2.0,1.6857656532090328,0.3142343467909672
3.0,2.99032373664377,0.009676263356229953
2.0,1.930025301341143,0.06997469865885697
2.0,1.8492939601402119,0.15070603985978814
4.0,4.197935398493874,0.19793539849387365
3.0,2.7526371148407502,0.24736288515924976
4.0,3.722942759298456,0.27705724070154414
6.0,5.618536126247086,0.3814638737529137
3.0,2.6640287418934525,0.3359712581065475
5.0,4.572357904980873,0.4276420950191273
0.0,1.2185662505397687,1.2185662505397687
3.0,3.061306103764442,0.06130610376444201
5.0,4.190149633831434,0.8098503661685656
5.0,4.5018822618712,0.49811773812879956
0.0,0.9497476696033869,0.9497476696033869
1.0,1.0999468194529098,0.09994681945290984
5.0,4.935458154778916,0.06454184522108442
2.0,2.342110908333038,0.34211090833303803
2.0,2.5194377521355853,0.5194377521355853
3.0,2.7842392546043824,0.21576074539561763
2.0,1.966386593473222,0.03361340652677791
3.0,2.9997437473476363,0.00025625265236373096
4.0,4.068201290562049,0.06820129056204927
2.0,2.257926603712894,0.2579266037128942
2.0,2.046421972502797,0.046421972502797004
3.0,3.0805497379201725,0.0805497379201725
1.0,1.4843236456159994,0.4843236456159994
2.0,2.5620681591036587,0.5620681591036587
3.0,2.7865806153253248,0.21341938467467525
3.0,3.309744655538672,0.30974465553867203
2.0,2.2175968918690754,0.21759689186907538
6.0,4.580129411306923,1.419870588693077
4.0,3.825366616311857,0.17463338368814307
3.0,2.9947038913996216,0.005296108600378435
2.0,2.4064682130846315,0.40646821308463155
5.0,4.47843430538337,0.5215656946166298
3.0,2.7463158945548405,0.2536841054451595
3.0,2.8450427026278478,0.15495729737215225
4.0,3.796652894920182,0.20334710507981812
6.0,5.5584350093736,0.4415649906264001
3.0,2.9442208934629273,0.05577910653707274
3.0,2.8305854531406087,0.16941454685939128
4.0,3.376699971585176,0.6233000284148238
2.0,2.200212786408069,0.20021278640806894
1.0,1.5008582155687966,0.5008582155687966
5.0,4.758698495511519,0.2413015044884812
3.0,3.0722147400484725,0.0722147400484725
0.0,0.4757972493370217,0.4757972493370217
5.0,4.2464292341666425,0.7535707658333575
3.0,3.276588806876079,0.2765888068760791
2.0,2.502448570538533,0.5024485705385331
6.0,4.967662074720785,1.032337925279215
3.0,2.6851933235463803,0.3148066764536197
6.0,5.690994524725113,0.309005475274887
3.0,2.845028795740447,0.15497120425955302
3.0,3.268378770294509,0.26837877029450885
4.0,3.7323428355895243,0.2676571644104757
1.0,1.2382627431560094,0.23826274315600937
2.0,2.226753050878867,0.22675305087886688
4.0,3.6583000680000866,0.34169993199991344
2.0,2.323544164008298,0.3235441640082981
3.0,3.0394481868806698,0.039448186880669756
2.0,2.2385984373425174,0.2385984373425174
4.0,3.9359879638405815,0.06401203615941853
3.0,2.96361755070413,0.03638244929586998
2.0,2.5149421070672897,0.5149421070672897
1.0,1.8198164882989805,0.8198164882989805
2.0,2.5565924150273047,0.5565924150273047
2.0,2.05137085304273,0.05137085304273015
2.0,1.9399331023609214,0.060066897639078576
2.0,2.2238941171642397,0.22389411716423968
3.0,2.89740461450495,0.1025953854950501
2.0,2.230244828983555,0.23024482898355503
3.0,3.647990440695753,0.6479904406957528
3.0,2.896644453519869,0.10335554648013101
6.0,5.021943269372885,0.9780567306271148
1.0,1.2180532845452272,0.2180532845452272
6.0,5.269817005432921,0.7301829945670786
6.0,5.394536580726053,0.6054634192739474
0.0,1.1422858524265909,1.1422858524265909
0.0,0.9948607629536277,0.9948607629536277
5.0,4.27646568762176,0.7235343123782396
3.0,2.9628031379778994,0.037196862022100596
5.0,3.7538538754486335,1.2461461245513665
7.0,6.364331161259717,0.6356688387402833
6.0,5.557967767767559,0.4420322322324406
4.0,3.7277314034855578,0.27226859651444224
4.0,3.7611032775879276,0.23889672241207238
1.0,1.5435480225424278,0.5435480225424278
4.0,3.268454273109441,0.731545726890559
1.0,1.2996089403785336,0.2996089403785336
3.0,3.121774474665812,0.12177447466581182
2.0,2.5396572575387246,0.5396572575387246
3.0,2.576846010596741,0.423153989403259
1.0,2.164297453537125,1.164297453537125
2.0,2.2774505184967277,0.27745051849672775
2.0,2.363357506016818,0.36335750601681793
2.0,2.0596150190023357,0.05961501900233568
2.0,2.36358687979374,0.3635868797937398
5.0,3.8974525067865784,1.1025474932134216
8.0,6.25203045553379,1.7479695444662102
1.0,1.397045574990741,0.3970455749907409
2.0,2.3424745262711375,0.3424745262711375
2.0,2.0254943728677803,0.025494372867780335
3.0,2.9689483880740632,0.03105161192593675
2.0,2.1024433423641677,0.10244334236416774
1.0,1.9999067483122541,0.9999067483122541
3.0,2.8413516823747886,0.15864831762521137
4.0,3.959810318339099,0.04018968166090087
5.0,3.915873921164074,1.0841260788359262
4.0,3.485925552500132,0.5140744474998682
2.0,2.0593242122424873,0.059324212242487295
4.0,3.7857520128654536,0.2142479871345464
2.0,2.2198514465803085,0.21985144658030853
8.0,7.300010511619097,0.6999894883809032
1.0,1.2724250847231586,0.27242508472315863
2.0,2.2868756454390713,0.2868756454390713
4.0,3.3862717506846796,0.6137282493153204
5.0,4.910997323017498,0.08900267698250186
4.0,4.2357583611119205,0.2357583611119205
5.0,4.68397882938382,0.31602117061617996
5.0,5.089790426975269,0.08979042697526918
2.0,1.9669812509093982,0.03301874909060176
1.0,1.1470995600060845,0.14709956000608448
1.0,1.5870325966568848,0.5870325966568848
4.0,3.7023920136014334,0.29760798639856656
4.0,4.1901533820835635,0.19015338208356347
4.0,3.9336582993072247,0.06634170069277534
1.0,1.3687453379712864,0.3687453379712864
3.0,3.3840692477733207,0.38406924777332074
3.0,3.728765567731003,0.7287655677310032
5.0,4.8946652869414455,0.10533471305855446
3.0,3.1757280749896477,0.1757280749896477
4.0,3.792386520116366,0.207613479883634
3.0,2.8263922226675064,0.17360777733249355
3.0,3.148956542783756,0.1489565427837558
2.0,2.052743467937834,0.0527434679378338
3.0,2.914047538358342,0.08595246164165804
3.0,2.912171077715635,0.0878289222843649
6.0,5.6804904167580865,0.3195095832419135
5.0,4.403721705420472,0.5962782945795277
1.0,1.6718955787945098,0.6718955787945098
2.0,2.1012812420470537,0.10128124204705369
4.0,3.7813285648047423,0.21867143519525767
0.0,0.5538886450321199,0.5538886450321199
1.0,0.9855942657592351,0.014405734240764856
2.0,2.3443809973515,0.3443809973515002
2.0,2.2217799630528288,0.22177996305282877
0.0,1.201417176635118,1.201417176635118
1.0,1.4739309565397607,0.4739309565397607
3.0,3.0402881190043973,0.04028811900439733
3.0,3.2046671829785662,0.20466718297856623
1.0,1.5604691901248449,0.5604691901248449
3.0,2.8679997790831226,0.13200022091687735
8.0,7.525517882803147,0.4744821171968532
4.0,3.1114179759177354,0.8885820240822646
6.0,5.599803386017744,0.40019661398225637
3.0,3.082302787119999,0.08230278711999883
2.0,2.5874652893748102,0.5874652893748102
2.0,2.065184524594307,0.06518452459430701
4.0,3.3064752068627388,0.6935247931372612
5.0,4.841254884706306,0.15874511529369428
2.0,2.2777222021599446,0.2777222021599446
4.0,3.567864438049885,0.43213556195011504
1.0,1.6280758970910099,0.6280758970910099
2.0,2.6216588958836917,0.6216588958836917
3.0,3.154763442274731,0.15476344227473104
2.0,1.9752149830077035,0.024785016992296516
3.0,2.7225876522648487,0.27741234773515133
1.0,1.4534750866265247,0.4534750866265247
2.0,2.3716821592363426,0.3716821592363426
3.0,3.2804029679465123,0.2804029679465123
4.0,3.3937342180905077,0.6062657819094923
3.0,2.7936075958315603,0.20639240416843974
6.0,5.341411686080807,0.6585883139191928
1.0,1.487670433856164,0.48767043385616393
3.0,2.4341233310956265,0.5658766689043735
1.0,1.4635567180718285,0.4635567180718285
0.0,1.0527754516433576,1.0527754516433576
4.0,3.4967491189171223,0.5032508810828777
3.0,3.1569449072996574,0.15694490729965738
1.0,1.8963149944730595,0.8963149944730595
4.0,3.900682284379452,0.09931771562054781
1.0,1.7376618520737301,0.7376618520737301
5.0,4.091964636679784,0.9080353633202156
3.0,2.6930454674423085,0.30695453255769145
1.0,1.6940672775593129,0.6940672775593129
1.0,1.5892796675127214,0.5892796675127214
4.0,4.1805090195604535,0.1805090195604535
4.0,3.738080927787138,0.26191907221286215
3.0,2.7666981873182244,0.23330181268177563
5.0,4.462131207875811,0.5378687921241889
3.0,2.970003175830229,0.029996824169770786
8.0,5.905340893616739,2.0946591063832614
0.0,0.9974475059753085,0.9974475059753085
4.0,3.635540829814938,0.36445917018506213
2.0,2.160672783205581,0.1606727832055812
1.0,1.8017439044501888,0.8017439044501888
5.0,4.652160587445929,0.34783941255407136
3.0,2.725263829231311,0.27473617076868884
2.0,1.8867377509936107,0.11326224900638926
1.0,1.9135481241913381,0.9135481241913381
3.0,2.843428400489121,0.15657159951087918
5.0,4.014973747106974,0.985026252893026
3.0,3.4147066046251506,0.41470660462515063
1.0,1.5888956516366366,0.5888956516366366
6.0,4.417820497209405,1.582179502790595
3.0,3.124435800035151,0.12443580003515109
2.0,2.54837654359718,0.5483765435971799
3.0,3.295439080678674,0.29543908067867397
5.0,3.9143972501216253,1.0856027498783747
2.0,2.6224060597249537,0.6224060597249537
3.0,2.961296640290343,0.038703359709657104
6.0,4.626842523125016,1.373157476874984
4.0,3.2967753754193057,0.7032246245806943
2.0,2.677795270373809,0.6777952703738088
2.0,2.1066726938544846,0.10667269385448463
6.0,5.873201571198459,0.1267984288015409
0.0,1.5266051448965332,1.5266051448965332
1.0,1.5767068533306996,0.5767068533306996
2.0,2.41804277936659,0.4180427793665902
2.0,2.3659061096664744,0.3659061096664744
2.0,2.0815022661098967,0.08150226610989675
2.0,2.704299054437117,0.7042990544371168
2.0,2.283713458207353,0.28371345820735305
5.0,4.489252780956646,0.5107472190433544
0.0,1.3113232433187691,1.3113232433187691
3.0,2.6161128398908366,0.38388716010916335
3.0,3.024076057325222,0.02407605732522189
3.0,3.1554948337360686,0.15549483373606865
2.0,2.248858923280724,0.24885892328072412
4.0,3.8066747936762613,0.19332520632373873
3.0,2.8646028501277487,0.13539714987225127
5.0,4.060571060734476,0.9394289392655244
1.0,1.9855277606836346,0.9855277606836346
4.0,3.6540346799806684,0.34596532001933156
2.0,1.9050220327665048,0.09497796723349516
2.0,2.1242115680036013,0.12421156800360134
1.0,1.3456101082757452,0.34561010827574523
3.0,2.990865125934697,0.009134874065302778
4.0,4.0058807968160055,0.005880796816005507
0.0,0.9664034059698152,0.9664034059698152
3.0,3.0868748353699824,0.08687483536998242
5.0,4.675790558118824,0.32420944188117584
3.0,2.897039408070994,0.1029605919290062
3.0,2.974318607331385,0.025681392668615022
3.0,3.259027426241156,0.2590274262411558
6.0,5.212070505215845,0.7879294947841551
5.0,4.4412839437614196,0.5587160562385804
5.0,4.796765321539264,0.20323467846073573
3.0,3.224897182834657,0.2248971828346571
2.0,2.21250229850641,0.21250229850641
1.0,1.1519366639436734,0.15193666394367344
1.0,1.0968880050620096,0.09688800506200956
2.0,1.9431501187231865,0.05684988127681345
3.0,3.0198419819628444,0.01984198196284437
3.0,3.012396812611366,0.012396812611366048
4.0,3.577248000698136,0.4227519993018638
1.0,1.0985827024170107,0.09858270241701073
2.0,2.2297362415388857,0.22973624153888572
3.0,3.039648827743128,0.039648827743127946
5.0,4.218361419412049,0.7816385805879511
3.0,2.68158834073427,0.3184116592657298
0.0,0.6412688850727841,0.6412688850727841
3.0,3.1971002000470765,0.1971002000470765
4.0,2.8121033354985783,1.1878966645014217
2.0,2.2288363878161945,0.22883638781619453
7.0,6.188476504464702,0.8115234955352983
1.0,1.3341727682818767,0.3341727682818767
7.0,6.337968019283041,0.662031980716959
4.0,4.010974680863445,0.010974680863444775
1.0,1.416357653918824,0.41635765391882407
5.0,4.488720494485209,0.511279505514791
4.0,3.943806717902892,0.05619328209710783
3.0,3.058447598240626,0.058447598240626064
0.0,0.9243585832944756,0.9243585832944756
2.0,2.035944731531957,0.035944731531956986
4.0,3.947998911040629,0.05200108895937117
4.0,3.88806436019721,0.1119356398027902
5.0,4.788863150063771,0.21113684993622872
3.0,2.925296648994143,0.07470335100585679
3.0,2.974405979102006,0.025594020897993897
5.0,4.3194050906831905,0.6805949093168095
5.0,4.0674026303297905,0.9325973696702095
4.0,4.090016696530816,0.09001669653081557
6.0,4.951159915692493,1.048840084307507
3.0,3.1015007900023526,0.10150079000235257
5.0,4.413510099565541,0.5864899004344588
4.0,4.349600136145529,0.3496001361455292
4.0,3.69041254097087,0.3095874590291299
1.0,1.0596590377519859,0.05965903775198589
5.0,4.704257327732292,0.2957426722677079
3.0,3.1534892088792885,0.15348920887928852
4.0,3.3617093937856324,0.6382906062143676
2.0,2.2546959756778,0.2546959756777998
4.0,3.4259242069578915,0.5740757930421085
2.0,2.3570552146914254,0.3570552146914254
3.0,3.3208512538374615,0.3208512538374615
2.0,2.547069253543841,0.5470692535438411
3.0,3.0208282735590246,0.020828273559024613
3.0,3.10094722883265,0.10094722883264984
1.0,1.2596362437540871,0.2596362437540871
1.0,1.9468185636677318,0.9468185636677318
2.0,1.9842682283235016,0.01573177167649842
5.0,4.837051808963332,0.16294819103666836
1.0,1.1941058064149679,0.19410580641496789
2.0,1.7952042971212603,0.20479570287873972
3.0,3.2720898172778714,0.2720898172778714
4.0,3.579021529100329,0.4209784708996711
3.0,2.808077468727635,0.19192253127236514
2.0,1.939920596633904,0.060079403366096074
4.0,3.5220582331396577,0.4779417668603423
1.0,1.935288850848237,0.9352888508482371
3.0,2.832236236498697,0.16776376350130295
1.0,1.9303560748611903,0.9303560748611903
1.0,1.380719065282035,0.3807190652820349
5.0,4.629274674703503,0.3707253252964966
0.0,1.402614121986068,1.402614121986068
2.0,2.5895877396669515,0.5895877396669515
3.0,2.6517621530119078,0.34823784698809224
2.0,1.8343925771985665,0.16560742280143348
2.0,1.8232064488959407,0.17679355110405925
1.0,1.5698907665990787,0.5698907665990787
5.0,4.594927536147674,0.405072463852326
6.0,5.422588340644831,0.5774116593551692
3.0,3.2189313719956347,0.21893137199563473
5.0,5.070758624330651,0.07075862433065083
1.0,1.3206988406054059,0.3206988406054059
1.0,1.6520288928696485,0.6520288928696485
6.0,5.792099545448149,0.2079004545518508
6.0,5.189547876220489,0.8104521237795108
7.0,6.514994448527457,0.4850055514725433
6.0,5.66631985408197,0.33368014591802986
5.0,4.655413034218716,0.3445869657812839
2.0,2.133785927725923,0.1337859277259228
0.0,0.8584385799758749,0.8584385799758749
1.0,1.249326433871875,0.24932643387187503
2.0,2.1088500696323353,0.10885006963233534
2.0,2.00837809625174,0.008378096251739908
3.0,2.8448232785553818,0.15517672144461825
3.0,2.8223434265532372,0.17765657344676278
5.0,4.845422962509496,0.15457703749050378
0.0,0.24133544816862695,0.24133544816862695
3.0,2.7179413554342786,0.2820586445657214
4.0,4.1611569487591265,0.16115694875912645
4.0,3.792292832207511,0.20770716779248888
5.0,5.146207085921169,0.14620708592116927
2.0,1.8417170393372353,0.1582829606627647
5.0,4.720648900733256,0.2793510992667443
2.0,2.299205764096429,0.29920576409642896
3.0,2.55605307429546,0.4439469257045401
3.0,3.3658821762164197,0.3658821762164197
1.0,1.5211309620732123,0.5211309620732123
2.0,2.344190958557935,0.344190958557935
0.0,0.360781022256365,0.360781022256365
3.0,3.4024819991708757,0.4024819991708757
4.0,3.46828682881752,0.5317131711824801
2.0,2.2750104411538876,0.2750104411538876
5.0,4.805577038463214,0.19442296153678562
5.0,4.615301172925375,0.384698827074625
3.0,2.7776843763697907,0.2223156236302093
2.0,2.235310659781261,0.23531065978126087
1.0,1.3736043035353704,0.37360430353537044
3.0,2.986937154235215,0.013062845764785003
1.0,1.0938872525802292,0.09388725258022923
2.0,2.3671278290283557,0.3671278290283557
4.0,3.818024405156143,0.18197559484385684
3.0,2.9791453793791427,0.0208546206208573
6.0,5.705979512739089,0.29402048726091135
5.0,4.808400509812965,0.19159949018703504
3.0,2.80135375340494,0.19864624659506003
0.0,0.3338527935526976,0.3338527935526976
2.0,2.0155871913786605,0.015587191378660492
1.0,1.1785647981604865,0.17856479816048654
3.0,2.8133687186338485,0.18663128136615148
1.0,1.682220298440405,0.6822202984404051
3.0,2.835644269374313,0.1643557306256871
3.0,2.7022128690129685,0.29778713098703147
1.0,1.561730618982574,0.5617306189825739
2.0,2.048009845558944,0.048009845558944164
3.0,2.374287971523937,0.6257120284760629
2.0,2.1254870645045623,0.12548706450456226
4.0,3.7502527617023667,0.24974723829763334
1.0,1.2530564201581662,0.2530564201581662
2.0,2.405942284200602,0.4059422842006022
2.0,2.432918124860317,0.4329181248603171
4.0,3.919398232862761,0.08060176713723921
1.0,1.232940057108218,0.23294005710821808
1.0,1.2018407688967059,0.20184076889670588
2.0,2.3587187585176492,0.3587187585176492
3.0,3.551349586706683,0.5513495867066829
5.0,4.538485853128412,0.461514146871588
2.0,2.3606955031096604,0.36069550310966036
7.0,5.399623419016435,1.600376580983565
2.0,2.499181892030345,0.4991818920303448
5.0,4.636469335669998,0.3635306643300016
1.0,1.675567837369016,0.6755678373690159
4.0,3.7899560002124253,0.2100439997875747
4.0,3.823352003102126,0.17664799689787403
1.0,1.7368554808681238,0.7368554808681238
6.0,4.98206478232554,1.0179352176744603
3.0,3.2015732366580587,0.2015732366580587
2.0,1.9267885649769836,0.07321143502301641
2.0,2.5759721498684804,0.5759721498684804
4.0,3.4991900607353985,0.5008099392646015
3.0,3.382036054954694,0.38203605495469395
6.0,5.1694256702201695,0.8305743297798305
4.0,3.724729260204027,0.27527073979597283
4.0,3.414401564592293,0.5855984354077068
2.0,2.0384407176638533,0.03844071766385326
2.0,2.2401577168098474,0.24015771680984743
3.0,3.0910819645204555,0.09108196452045547
2.0,2.320123977719964,0.3201239777199638
5.0,4.6478112426464,0.3521887573536002
1.0,1.327632417242893,0.32763241724289305
3.0,3.1632652001038313,0.16326520010383128
4.0,3.710394696292873,0.2896053037071269
0.0,0.8579512395102644,0.8579512395102644
1.0,1.1833684596241116,0.18336845962411163
4.0,3.7392837879714653,0.2607162120285347
3.0,2.948086304599299,0.0519136954007009
1.0,1.2873946836718952,0.28739468367189525
0.0,0.4071902337619253,0.4071902337619253
4.0,3.816937969992033,0.18306203000796684
2.0,2.4196990279430706,0.41969902794307057
2.0,2.500786019264363,0.5007860192643632
3.0,3.0631833482770263,0.06318334827702632
4.0,3.342100637708051,0.6578993622919489
2.0,2.0619383387115366,0.061938338711536645
1.0,1.6674592187175346,0.6674592187175346
2.0,1.9161899844754797,0.08381001552452028
5.0,4.211750108140035,0.788249891859965
4.0,3.5191197871362734,0.4808802128637266
1.0,1.4361650990464008,0.4361650990464008
3.0,3.1685311766761792,0.16853117667617923
2.0,2.4513971154159027,0.45139711541590266
2.0,1.910238951678958,0.08976104832104204
2.0,2.248071819591532,0.2480718195915319
2.0,2.49093358414756,0.49093358414756016
4.0,3.8272898365106993,0.17271016348930068
2.0,2.1528524227566503,0.15285242275665034
4.0,3.4803257230528994,0.5196742769471006
4.0,3.887156477385273,0.11284352261472685
3.0,2.844646805308827,0.1553531946911728
5.0,4.320061259160646,0.6799387408393542
1.0,1.6664872926534207,0.6664872926534207
7.0,6.242377960055228,0.7576220399447724
4.0,3.7634873588269535,0.2365126411730465
3.0,2.7155055272258424,0.2844944727741576
2.0,1.8123683728383835,0.18763162716161652
2.0,1.6438455955208242,0.3561544044791758
4.0,3.418063321660772,0.5819366783392281
6.0,5.058869578962353,0.9411304210376468
1.0,1.784304624807408,0.7843046248074079
4.0,3.3915243271968016,0.6084756728031984
3.0,3.1344851082585894,0.1344851082585894
6.0,5.259463318784926,0.7405366812150742
6.0,5.612424207108514,0.3875757928914858
2.0,2.323408555617436,0.3234085556174362
4.0,3.550342604833482,0.4496573951665179
4.0,3.809247176475915,0.19075282352408518
3.0,2.847149567644601,0.15285043235539897
4.0,3.464556075710041,0.5354439242899591
1.0,1.9801551683655294,0.9801551683655294
4.0,4.176817143796961,0.17681714379696079
5.0,4.313577428375789,0.6864225716242114
4.0,3.708796962354281,0.29120303764571887
3.0,2.70122762984302,0.2987723701569802
7.0,6.072588594464754,0.9274114055352456
4.0,3.6456685827076285,0.3543314172923715
5.0,4.57448356603471,0.4255164339652904
4.0,3.9617126429331178,0.038287357066882244
0.0,1.0173654162762775,1.0173654162762775
3.0,3.0703387603313415,0.07033876033134145
3.0,3.426017144117654,0.4260171441176541
3.0,2.6762795777464152,0.32372042225358477
1.0,1.515968065079852,0.5159680650798519
6.0,5.66048537176781,0.33951462823219014
2.0,2.1710837293999594,0.17108372939995942
1.0,1.8451720393509563,0.8451720393509563
4.0,3.707700204948443,0.2922997950515569
6.0,4.726426656948266,1.2735733430517344
4.0,3.6316864726494806,0.36831352735051937
5.0,4.452195402151809,0.5478045978481907
3.0,2.8423015133247578,0.15769848667524222
3.0,2.9011380827634907,0.09886191723650928
1.0,1.7827673299169764,0.7827673299169764
2.0,2.6396345132767274,0.6396345132767274
2.0,2.2920743079725727,0.2920743079725727
0.0,0.4914736266850315,0.4914736266850315
6.0,5.58918343808708,0.41081656191292026
2.0,2.491845640451932,0.491845640451932
4.0,3.5961925239706596,0.4038074760293404
5.0,4.169157278405892,0.8308427215941077
3.0,3.276416444174921,0.27641644417492106
4.0,3.7211050718253222,0.27889492817467776
3.0,3.0886868540339534,0.08868685403395338
3.0,2.926000405591918,0.07399959440808201
4.0,4.033682657100347,0.033682657100347235
1.0,1.6939599674950818,0.6939599674950818
5.0,4.3760154608746085,0.6239845391253915
5.0,4.556134280263846,0.44386571973615396
5.0,4.160044577542513,0.8399554224574874
3.0,3.1379613751596995,0.13796137515969953
3.0,3.005150476774139,0.0051504767741388235
5.0,5.3091929007538745,0.3091929007538745
6.0,4.733300045992532,1.2666999540074677
2.0,1.9149688036659147,0.08503119633408529
3.0,2.9827585494012916,0.017241450598708408
4.0,3.8973218288395226,0.1026781711604774
2.0,2.458438361336397,0.4584383613363969
7.0,6.018457162861831,0.9815428371381687
7.0,6.247862770993641,0.752137229006359
1.0,1.0241539335854637,0.024153933585463694
7.0,6.109944819961682,0.8900551800383179
2.0,2.0834906691312565,0.08349066913125647
0.0,0.5979266392724929,0.5979266392724929
1.0,1.6247755007619287,0.6247755007619287
2.0,2.2915372496250237,0.2915372496250237
1.0,1.7054431673476316,0.7054431673476316
2.0,2.3190593137472337,0.31905931374723373
5.0,4.418543939869341,0.5814560601306589
4.0,3.453636821606702,0.5463631783932978
1.0,1.4803215098960025,0.48032150989600253
2.0,2.291218110747179,0.2912181107471792
0.0,0.3792298065401041,0.3792298065401041
4.0,4.157844831529606,0.15784483152960593
5.0,4.187604210583503,0.812395789416497
4.0,3.0268636494500627,0.9731363505499373
3.0,3.039812252872068,0.03981225287206813
3.0,2.3059483543346104,0.6940516456653896
4.0,3.8960112793436363,0.10398872065636366
3.0,2.5836037000181626,0.41639629998183736
3.0,3.2594836263294087,0.2594836263294087
4.0,3.9392279192940363,0.06077208070596374
1.0,1.1253975079172505,0.12539750791725046
3.0,3.103834696786436,0.10383469678643609
3.0,2.857506467656327,0.14249353234367312
1.0,1.3649400266645384,0.3649400266645384
5.0,4.781939973501825,0.21806002649817469
0.0,0.03892549288868841,0.03892549288868841
6.0,5.808962881420265,0.19103711857973504
1.0,1.074146249894022,0.07414624989402196
5.0,4.477263352331084,0.5227366476689159
3.0,2.7915296029661674,0.20847039703383263
3.0,3.1517490235720036,0.1517490235720036
1.0,1.3816339633115318,0.38163396331153177
6.0,5.820230391564979,0.17976960843502088
5.0,4.813365891271205,0.1866341087287946
4.0,4.0974043922620185,0.09740439226201847
5.0,4.791320371830711,0.2086796281692891
3.0,3.2038174094271517,0.20381740942715165
6.0,5.6901178325646296,0.30988216743537045
3.0,3.0998123759732334,0.09981237597323345
2.0,2.477533420457123,0.4775334204571231
2.0,2.279217931389356,0.2792179313893559
0.0,0.21808846023498596,0.21808846023498596
3.0,2.9912976796264203,0.008702320373579653
3.0,3.3916056484529795,0.3916056484529795
4.0,4.271134231170083,0.27113423117008306
4.0,4.013618514008082,0.013618514008081561
0.0,0.17691441456903467,0.17691441456903467
5.0,4.5075297594880475,0.49247024051195254
0.0,0.581805048223138,0.581805048223138
3.0,2.809595145705504,0.19040485429449605
4.0,3.4000520340619333,0.5999479659380667
3.0,2.940164726566303,0.0598352734336971
1.0,0.8952170452482711,0.10478295475172894
2.0,2.42023672065588,0.4202367206558799
5.0,4.355677157553215,0.6443228424467851
3.0,3.4369235328986085,0.4369235328986085
2.0,2.050555071572255,0.05055507157225492
3.0,3.004260782911481,0.004260782911480909
2.0,2.5599407132270735,0.5599407132270735
3.0,2.9463956116997667,0.053604388300233285
3.0,2.830593460219092,0.16940653978090792
3.0,2.790924532605733,0.2090754673942672
4.0,3.6624813180226754,0.3375186819773246
7.0,6.787860343006212,0.2121396569937879
2.0,2.8432670310150447,0.8432670310150447
2.0,2.329485828026292,0.329485828026292
4.0,3.72635870326646,0.27364129673354
1.0,1.256338837117037,0.256338837117037
4.0,3.7912907415181643,0.20870925848183575
5.0,4.711093197744288,0.2889068022557124
5.0,4.906440403543499,0.09355959645650103
1.0,1.8485144448036708,0.8485144448036708
3.0,3.1764787087774726,0.17647870877747263
4.0,3.794580532387011,0.2054194676129888
4.0,3.4665331887589685,0.5334668112410315
3.0,2.5098697799561025,0.4901302200438975
2.0,1.9677176637752218,0.03228233622477816
3.0,2.7611959617460644,0.2388040382539356
1.0,1.6887024916776894,0.6887024916776894
1.0,1.5230376890589032,0.5230376890589032
6.0,5.422184468270354,0.5778155317296463
1.0,1.6246920380876972,0.6246920380876972
3.0,2.5098667200047875,0.4901332799952125
5.0,4.158291347812417,0.8417086521875827
1.0,1.248049575659944,0.2480495756599439
2.0,2.0939961674400287,0.0939961674400287
2.0,2.384497438172353,0.38449743817235316
3.0,3.0126081914946927,0.012608191494692722
3.0,2.5108702242808354,0.4891297757191646
0.0,0.16140984524886193,0.16140984524886193
0.0,0.9757854629367562,0.9757854629367562
3.0,3.1043163216975236,0.10431632169752358
4.0,3.567530810357161,0.432469189642839
4.0,3.887883592646148,0.11211640735385187
4.0,3.755343177856793,0.24465682214320683
2.0,2.4431224772939677,0.4431224772939677
2.0,2.2045515889520315,0.20455158895203152
7.0,4.799991843624715,2.2000081563752847
4.0,3.079463539801288,0.9205364601987118
5.0,4.63766623372667,0.3623337662733297
4.0,3.3823832809900303,0.6176167190099697
2.0,2.14261812419742,0.14261812419742004
2.0,2.595572904662468,0.5955729046624678
6.0,4.638273375078731,1.3617266249212694
2.0,2.3352188646775787,0.33521886467757867
3.0,2.724964853905176,0.27503514609482416
0.0,0.44957655019548515,0.44957655019548515
6.0,5.533457861692117,0.46654213830788294
5.0,4.665449047497331,0.33455095250266886
1.0,1.8981771363301614,0.8981771363301614
1.0,1.6496931079882104,0.6496931079882104
4.0,3.896274772390418,0.10372522760958214
4.0,3.942472358191573,0.05752764180842718
2.0,2.408761070628333,0.4087610706283331
5.0,4.301516335966594,0.6984836640334056
3.0,2.9169236601510726,0.08307633984892737
3.0,3.2030472281682756,0.20304722816827558
3.0,3.005686717313391,0.00568671731339121
5.0,4.729656888688615,0.27034311131138544
3.0,3.226432352403013,0.22643235240301296
4.0,3.661029570401859,0.33897042959814083
2.0,2.5209832127538103,0.5209832127538103
3.0,3.174021274893083,0.17402127489308317
1.0,1.905624727630449,0.905624727630449
5.0,4.405802000520874,0.5941979994791264
4.0,2.9147190070619033,1.0852809929380967
1.0,0.9962397789941744,0.003760221005825626
2.0,2.3195068371266734,0.3195068371266734
3.0,2.95217626356251,0.04782373643748983
6.0,5.385483629082893,0.6145163709171069
2.0,2.242958130812344,0.24295813081234385
2.0,2.137382846908473,0.1373828469084728
3.0,3.011948730359563,0.011948730359562898
4.0,4.234652587517411,0.23465258751741125
2.0,2.212711947300531,0.212711947300531
3.0,2.6723336440546923,0.3276663559453077
0.0,1.0301978173452377,1.0301978173452377
1.0,1.689801830733259,0.689801830733259
1.0,1.1422265192213237,0.14222651922132368
0.0,0.7226512972757391,0.7226512972757391
3.0,2.6166831452169763,0.3833168547830237
2.0,2.0699692520203974,0.06996925202039739
6.0,5.416214149698195,0.5837858503018047
6.0,5.260060939094302,0.7399390609056979
2.0,2.0689435230880155,0.06894352308801555
2.0,1.8089913767165937,0.1910086232834063
4.0,4.199517461447195,0.1995174614471953
2.0,2.1037580779213436,0.10375807792134362
2.0,2.1820999280849667,0.18209992808496667
4.0,3.5981723349227797,0.40182766507722034
6.0,4.541078693525683,1.4589213064743172
0.0,0.42918128110716935,0.42918128110716935
4.0,3.7342732031054187,0.26572679689458134
1.0,1.8043331803090004,0.8043331803090004
7.0,5.077803815868985,1.922196184131015
1.0,1.102544246704024,0.10254424670402407
2.0,2.201839777943699,0.2018397779436989
3.0,3.411034654038679,0.4110346540386791
2.0,2.008465767453934,0.008465767453933903
2.0,1.8480285565039394,0.15197144349606062
7.0,6.78308582269801,0.21691417730199003
0.0,0.6290962883130473,0.6290962883130473
4.0,3.9055497622173276,0.09445023778267236
5.0,4.586992743898523,0.41300725610147726
2.0,2.1180570228089826,0.11805702280898256
1.0,1.2118784751814433,0.21187847518144332
6.0,5.40460186898996,0.5953981310100396
7.0,6.410492794675411,0.5895072053245887
3.0,2.788492431953887,0.21150756804611293
5.0,4.429151368055092,0.5708486319449078
2.0,2.416185328605058,0.41618532860505786
3.0,2.816081528814142,0.18391847118585813
2.0,2.389804363224753,0.3898043632247532
2.0,2.4291374342147987,0.42913743421479866
4.0,3.3635789040728756,0.6364210959271244
6.0,4.6880072770837415,1.3119927229162585
5.0,4.257311544171937,0.7426884558280626
3.0,3.337843498934157,0.337843498934157
1.0,1.5513444484928007,0.5513444484928007
6.0,5.492934968200881,0.5070650317991188
6.0,5.061259286111483,0.9387407138885173
1.0,1.871549197820854,0.871549197820854
4.0,3.749229317244104,0.250770682755896
3.0,2.7321451430343444,0.2678548569656556
3.0,3.088840981089234,0.0888409810892341
3.0,3.1774058216109236,0.17740582161092355
1.0,1.340440666645861,0.34044066664586103
2.0,2.3532395409400766,0.3532395409400766
3.0,2.6061975127696533,0.3938024872303467
3.0,3.1601502346399073,0.1601502346399073
5.0,4.5885185506034,0.41148144939660014
3.0,3.2008624812504904,0.20086248125049044
0.0,0.7962736589228641,0.7962736589228641
1.0,1.5062434262386943,0.5062434262386943
3.0,2.7784134657620334,0.2215865342379666
3.0,2.567915900932169,0.43208409906783096
5.0,4.572949969082133,0.42705003091786686
4.0,3.5569803842207177,0.4430196157792823
2.0,2.325337068442586,0.32533706844258603
2.0,2.0898207344632906,0.08982073446329064
3.0,2.7532748070541246,0.24672519294587536
0.0,0.5407502396804045,0.5407502396804045
0.0,1.2608847932019167,1.2608847932019167
3.0,2.8599454884404123,0.1400545115595877
9.0,8.062059015155103,0.9379409848448965
3.0,2.9938609127303217,0.006139087269678267
1.0,1.5505853965221719,0.5505853965221719
3.0,2.860415662436999,0.13958433756300082
3.0,2.7779943497513373,0.2220056502486627
0.0,0.9683384172578717,0.9683384172578717
2.0,2.3295127283458923,0.3295127283458923
7.0,5.936149032168598,1.063850967831402
1.0,1.2675188719054915,0.2675188719054915
6.0,5.18730395624142,0.8126960437585797
4.0,3.3385636644236,0.6614363355764001
5.0,4.16048671350468,0.8395132864953201
7.0,5.469753748698179,1.5302462513018211
5.0,4.810115998032971,0.18988400196702937
3.0,2.850560577625572,0.14943942237442798
2.0,2.565581213635605,0.5655812136356051
2.0,2.082751215274799,0.0827512152747989
3.0,2.7478033788960055,0.25219662110399454
0.0,1.2422143668513956,1.2422143668513956
1.0,1.2601889501963854,0.26018895019638544
3.0,3.139705263330463,0.13970526333046296
1.0,1.2421935854740747,0.24219358547407466
2.0,2.2937313287196073,0.2937313287196073
4.0,3.7625706892819757,0.2374293107180243
0.0,0.7185217871322735,0.7185217871322735
1.0,1.6306307280919121,0.6306307280919121
3.0,3.0243344972982436,0.02433449729824355
3.0,2.5960891840935982,0.40391081590640177
2.0,2.1947639023186167,0.19476390231861673
3.0,2.613714530845164,0.38628546915483586
1.0,1.719792722275535,0.7197927222755349
4.0,3.620400329133963,0.3795996708660372
2.0,2.1112792477748283,0.11127924777482834
4.0,3.5116950626713916,0.48830493732860836
2.0,2.102873463204135,0.10287346320413482
4.0,3.9021865496423693,0.09781345035763067
3.0,2.779837070642247,0.22016292935775317
5.0,4.59067650780146,0.40932349219854025
4.0,2.956465039165893,1.0435349608341071
2.0,1.9775083910449873,0.022491608955012676
2.0,2.1912506250124366,0.19125062501243661
4.0,3.6879522349122213,0.31204776508777865
5.0,4.378912854841763,0.6210871451582367
2.0,2.7466889504973535,0.7466889504973535
2.0,2.3192916419906764,0.3192916419906764
4.0,3.638791182182278,0.36120881781772196
5.0,4.249286133498523,0.750713866501477
3.0,3.305102221613508,0.3051022216135082
3.0,3.0205697661151447,0.020569766115144716
1.0,1.9282858997714536,0.9282858997714536
1.0,1.2403659690529172,0.24036596905291718
4.0,3.5968873796968004,0.4031126203031996
5.0,4.378780970227788,0.6212190297722122
5.0,4.534307608105503,0.46569239189449707
2.0,1.788219725512973,0.21178027448702696
2.0,2.246465721568481,0.24646572156848112
3.0,2.898317928452297,0.10168207154770315
0.0,0.6528780295030239,0.6528780295030239
3.0,3.12640555038263,0.1264055503826298
2.0,2.1002090660358377,0.10020906603583768
2.0,2.3061567088097674,0.3061567088097674
4.0,3.581545943647108,0.4184540563528918
2.0,1.7547129546514777,0.2452870453485223
4.0,2.9290450784941395,1.0709549215058605
1.0,1.919426596292968,0.919426596292968
6.0,5.170965057248983,0.8290349427510169
3.0,2.493212962310734,0.506787037689266
0.0,1.2165400189925983,1.2165400189925983
0.0,0.6029837480938767,0.6029837480938767
2.0,2.0211005238149626,0.021100523814962635
4.0,3.801176557316679,0.19882344268332108
3.0,2.8256161625177527,0.17438383748224728
3.0,2.921128606102015,0.07887139389798481
4.0,3.5297577128173185,0.47024228718268146
4.0,4.0496152920102855,0.04961529201028547
5.0,4.789072049294192,0.21092795070580816
3.0,3.1974321938492416,0.1974321938492416
0.0,1.2929279670003708,1.2929279670003708
2.0,2.412678584182819,0.4126785841828191
5.0,4.385749936495068,0.6142500635049322
3.0,2.914609343401813,0.08539065659818679
2.0,2.3518579703165283,0.3518579703165283
5.0,4.482234543348397,0.5177654566516026
4.0,3.435465661732338,0.564534338267662
4.0,3.3149956288694846,0.6850043711305154
0.0,0.8850334519346914,0.8850334519346914
1.0,1.2439129188926277,0.24391291889262767
1.0,1.6516810392425751,0.6516810392425751
1.0,1.4898132013393248,0.4898132013393248
6.0,4.721077477813498,1.2789225221865017
5.0,4.843919904760327,0.15608009523967326
2.0,1.913711243298844,0.0862887567011561
3.0,2.950730920482431,0.0492690795175692
3.0,3.0364142940442367,0.036414294044236684
2.0,2.3636678141359617,0.3636678141359617
2.0,2.428175710600935,0.42817571060093496
1.0,1.853528176251119,0.8535281762511191
3.0,3.277716765669877,0.27771676566987713
2.0,2.245319968173146,0.24531996817314594
2.0,2.438077139090124,0.43807713909012413
5.0,4.477517460069825,0.5224825399301753
2.0,1.9057371498871958,0.09426285011280422
3.0,2.8631476809064007,0.1368523190935993
1.0,1.6287105132922415,0.6287105132922415
2.0,2.186880510353153,0.186880510353153
4.0,3.373801472537933,0.626198527462067
1.0,1.607784393724821,0.6077843937248211
2.0,1.867488134139291,0.13251186586070896
1.0,1.2792218516735623,0.2792218516735623
1.0,1.3017538771561272,0.3017538771561272
3.0,3.0231817150343994,0.023181715034399364
4.0,3.699056259577992,0.3009437404220079
3.0,2.74079244947105,0.25920755052894995
6.0,5.590484410961416,0.409515589038584
1.0,1.5314410836704884,0.5314410836704884
3.0,3.388133999792576,0.3881339997925761
4.0,3.871427124121298,0.12857287587870214
8.0,7.6970658944007555,0.3029341055992445
3.0,2.9764732392249247,0.023526760775075317
6.0,4.443509479363858,1.5564905206361423
3.0,2.365172776333681,0.6348272236663188
1.0,1.6560647722065065,0.6560647722065065
2.0,2.103998659276262,0.10399865927626184
0.0,0.8235914602049723,0.8235914602049723
3.0,2.5717998432616977,0.42820015673830225
1.0,1.1218850167257906,0.12188501672579055
6.0,5.699046069937206,0.3009539300627937
5.0,4.098115929596254,0.9018840704037459
4.0,3.7096303590150463,0.29036964098495366
2.0,2.0921099269588916,0.09210992695889164
4.0,3.8079099252072313,0.19209007479276874
5.0,4.712691807191992,0.2873081928080081
1.0,1.3809962150386113,0.38099621503861125
3.0,3.3286758390347373,0.3286758390347373
2.0,2.186211874508448,0.186211874508448
6.0,5.539590809564102,0.46040919043589756
1.0,1.7286552813129084,0.7286552813129084
3.0,3.299756773743333,0.29975677374333287
6.0,5.0233709479795685,0.9766290520204315
2.0,2.3007281636758337,0.30072816367583366
3.0,2.957458245351513,0.042541754648487196
5.0,5.205479054154616,0.20547905415461631
3.0,2.7890696881272623,0.2109303118727377
3.0,3.1394984107877475,0.1394984107877475
4.0,3.8606656346406645,0.13933436535933552
3.0,3.1407216150159356,0.1407216150159356
1.0,1.2111779490229966,0.21117794902299658
2.0,2.2817562744928197,0.2817562744928197
1.0,1.4981521237898692,0.4981521237898692
2.0,2.848200593646316,0.848200593646316
4.0,3.763028754071809,0.2369712459281912
3.0,2.7761929596374735,0.22380704036252652
9.0,8.47148760752966,0.5285123924703399
5.0,5.060854675779174,0.06085467577917392
3.0,2.9013864512840826,0.09861354871591743
3.0,3.2438677528852407,0.24386775288524065
3.0,2.6559427717017123,0.34405722829828767
4.0,3.344012248901728,0.6559877510982721
2.0,2.3336408273132636,0.3336408273132636
4.0,3.9915150137819873,0.008484986218012747
3.0,2.9518969306885454,0.04810306931145458
3.0,2.9041887800434134,0.09581121995658659
2.0,2.2032579501692804,0.2032579501692804
1.0,1.3031827240866922,0.3031827240866922
0.0,1.1285675481029487,1.1285675481029487
5.0,4.581906135614854,0.4180938643851464
2.0,2.5355481104830546,0.5355481104830546
2.0,2.0456335522716795,0.045633552271679534
2.0,2.4575781463470343,0.4575781463470343
3.0,3.126899539291408,0.12689953929140785
4.0,4.1548591659710725,0.15485916597107252
6.0,4.73861418398614,1.2613858160138598
2.0,2.135862476315879,0.1358624763158791
4.0,3.934144438197291,0.0658555618027088
4.0,3.394647635773871,0.6053523642261291
3.0,3.1198218345594917,0.11982183455949169
4.0,3.955260186701051,0.04473981329894894
4.0,3.785095459810343,0.2149045401896572
3.0,2.778299771370361,0.221700228629639
2.0,2.2497952814604902,0.24979528146049024
0.0,0.8214349159362473,0.8214349159362473
2.0,2.1478452252849354,0.14784522528493538
3.0,2.760936205503711,0.239063794496289
3.0,2.92817762892507,0.07182237107492995
1.0,1.163499428699062,0.1634994286990621
2.0,1.9033590842482118,0.09664091575178824
4.0,3.9270257531284556,0.07297424687154441
5.0,4.931845377501707,0.06815462249829274
3.0,2.648061854670587,0.35193814532941303
1.0,1.893052023930814,0.893052023930814
5.0,4.254088520157113,0.7459114798428867
4.0,3.4957329080851522,0.5042670919148478
0.0,0.4506011748843184,0.4506011748843184
2.0,2.2912268759513514,0.29122687595135144
2.0,2.4885961123981875,0.48859611239818745
2.0,2.2136540641236726,0.2136540641236726
4.0,3.7546357474582823,0.24536425254171768
5.0,4.528366778875961,0.4716332211240388
5.0,4.574190558010145,0.4258094419898546
6.0,4.493904305494812,1.5060956945051878
2.0,1.8776108605890465,0.12238913941095353
2.0,2.205128776072539,0.20512877607253888
2.0,2.2744996037287413,0.27449960372874127
5.0,3.943196378574612,1.056803621425388
2.0,2.306910364241437,0.3069103642414368
3.0,3.433332778483221,0.43333277848322105
3.0,2.8339514724271213,0.1660485275728787
3.0,2.7944458318479164,0.2055541681520836
2.0,2.1739315579023293,0.17393155790232928
2.0,2.5631385790817833,0.5631385790817833
5.0,4.518513992492345,0.48148600750765524
2.0,2.3104718444113495,0.31047184441134945
2.0,1.822289870060125,0.1777101299398749
3.0,2.8877824585099257,0.11221754149007435
1.0,1.366921732183155,0.36692173218315505
5.0,4.789116572829995,0.21088342717000508
4.0,4.144441425079223,0.14444142507922297
3.0,3.084679495918217,0.08467949591821711
3.0,2.7685912129853083,0.2314087870146917
7.0,5.92349392622112,1.07650607377888
4.0,3.9181364793543905,0.08186352064560953
5.0,3.6232125303127125,1.3767874696872875
2.0,1.8883338252232436,0.11166617477675644
3.0,2.9636297116510786,0.03637028834892142
4.0,3.868885538554694,0.13111446144530614
1.0,1.7078384743889008,0.7078384743889008
3.0,2.7972531870191757,0.2027468129808243
3.0,2.882477943098683,0.11752205690131712
1.0,1.608198326423135,0.608198326423135
5.0,4.826660332192056,0.1733396678079444
3.0,3.157550245092754,0.15755024509275417
9.0,8.058410835425612,0.9415891645743883
0.0,0.4887632567674016,0.4887632567674016
6.0,5.757367723662908,0.24263227633709228
4.0,3.5861040189982236,0.4138959810017764
1.0,1.3436692208954462,0.34366922089544616
5.0,4.653682666979588,0.3463173330204121
5.0,4.914989250683598,0.08501074931640229
4.0,4.195191086856473,0.19519108685647257
1.0,1.2855958483705425,0.2855958483705425
3.0,3.1482221416894034,0.1482221416894034
2.0,2.1475841295697284,0.14758412956972844
3.0,3.1853155870061385,0.18531558700613848
6.0,5.965161655450778,0.034838344549221745
3.0,3.3162523023983064,0.3162523023983064
1.0,1.9385353883140333,0.9385353883140333
1.0,0.9934285377844612,0.006571462215538837
5.0,4.905249259361284,0.09475074063871602
2.0,2.0931908568559354,0.09319085685593542
3.0,2.7217928603135224,0.2782071396864776
3.0,3.112172057847536,0.11217205784753581
6.0,5.560118123024463,0.43988187697553727
5.0,4.621102627676617,0.37889737232338305
5.0,4.0360064736327725,0.9639935263672275
1.0,2.111124476574476,1.111124476574476
1.0,1.8326519410977744,0.8326519410977744
0.0,1.4639952642143876,1.4639952642143876
5.0,4.870958204888664,0.12904179511133584
2.0,2.009521824175942,0.00952182417594205
4.0,3.7893495411750964,0.21065045882490363
3.0,2.990340417593488,0.00965958240651199
1.0,1.3116905162883865,0.3116905162883865
4.0,3.1426958819991264,0.8573041180008736
2.0,2.3424509724156697,0.3424509724156697
2.0,2.449161521728295,0.44916152172829493
3.0,2.765911888232598,0.23408811176740185
1.0,1.7707072400512343,0.7707072400512343
2.0,2.312764797744693,0.312764797744693
2.0,2.0392460032420363,0.03924600324203631
4.0,3.933348394826454,0.06665160517354618
2.0,2.586857637864957,0.586857637864957
2.0,1.7561239770109134,0.24387602298908662
2.0,1.8523430658489464,0.14765693415105363
6.0,4.698977889881256,1.301022110118744
2.0,2.665828339669246,0.6658283396692459
3.0,2.7782806506585738,0.22171934934142623
2.0,2.246083865954013,0.246083865954013
5.0,4.169916421616703,0.8300835783832969
1.0,1.7912303443638835,0.7912303443638835
5.0,4.414564469867665,0.5854355301323348
3.0,2.6888555056631778,0.31114449433682223
1.0,1.5367286494976198,0.5367286494976198
3.0,2.9173116531587366,0.08268834684126336
2.0,2.0088679125879727,0.008867912587972704
4.0,3.9459726073500154,0.054027392649984574
3.0,2.7906846723218917,0.20931532767810834
5.0,4.609519899254126,0.390480100745874
4.0,3.8427513406192153,0.1572486593807847
4.0,3.7341419297901814,0.26585807020981855
4.0,3.8777684815379407,0.12223151846205926
3.0,3.079078681697806,0.07907868169780619
2.0,2.090614223038899,0.09061422303889888
5.0,4.165958511846302,0.8340414881536979
1.0,1.5925147121362462,0.5925147121362462
1.0,1.6018025037107935,0.6018025037107935
2.0,1.8746467647357123,0.12535323526428765
2.0,1.8982139709550958,0.10178602904490419
4.0,3.579358655487896,0.420641344512104
1.0,1.1903802099502836,0.1903802099502836
5.0,4.48846845774734,0.5115315422526603
5.0,4.421735676943833,0.5782643230561666
3.0,2.8583309913301913,0.1416690086698087
3.0,2.961543054721357,0.03845694527864296
4.0,4.185069325529296,0.18506932552929634
3.0,3.384119372818864,0.3841193728188639
4.0,3.7299234421926553,0.27007655780734474
1.0,1.5160233520392437,0.5160233520392437
2.0,2.596645585121788,0.596645585121788
3.0,2.451567470455111,0.5484325295448889
1.0,2.127757018898962,1.1277570188989618
3.0,2.7319866941974813,0.2680133058025187
1.0,1.82643550172563,0.82643550172563
2.0,2.4562502120880607,0.4562502120880607
4.0,4.093560635651446,0.09356063565144623
3.0,2.5229264996494813,0.47707350035051865
5.0,3.6203000298039645,1.3796999701960355
3.0,2.369815368502802,0.630184631497198
2.0,2.1120076669902605,0.11200766699026055
3.0,2.975854860790633,0.024145139209367006
3.0,2.866573401821157,0.13342659817884295
4.0,3.4694591550007585,0.5305408449992415
4.0,4.001527623979966,0.0015276239799657532
2.0,2.3496772999188886,0.34967729991888863
3.0,2.749402996408192,0.25059700359180814
3.0,3.0253664063011,0.025366406301099875
3.0,2.5641453831274648,0.43585461687253524
8.0,7.210350043167567,0.7896499568324327
0.0,0.4739865642458789,0.4739865642458789
1.0,1.723482615081601,0.7234826150816009
0.0,0.5343781394599421,0.5343781394599421
3.0,3.1051667793174995,0.10516677931749951
5.0,4.382106671419809,0.6178933285801911
5.0,4.3553371893980435,0.6446628106019565
6.0,4.773536205938776,1.2264637940612237
2.0,2.7473215226146475,0.7473215226146475
2.0,2.1908686754225357,0.19086867542253572
2.0,1.9208195641565915,0.0791804358434085
3.0,2.959336179087603,0.040663820912397064
3.0,3.0411406208282417,0.04114062082824166
3.0,3.002006557918898,0.002006557918897922
2.0,2.3067913921117578,0.30679139211175777
5.0,5.088123202618078,0.08812320261807827
4.0,4.024069763986576,0.02406976398657612
6.0,5.6703125336463795,0.32968746635362045
3.0,3.366212782689047,0.3662127826890469
4.0,3.676832261349563,0.323167738650437
5.0,5.087203534425632,0.08720353442563233
2.0,2.126647499058011,0.1266474990580111
4.0,3.631649150006714,0.36835084999328593
7.0,5.823835503147386,1.1761644968526141
3.0,3.3080387305439687,0.3080387305439687
4.0,4.079540841145244,0.07954084114524385
3.0,3.02821158640847,0.02821158640846999
1.0,1.3805055406152298,0.3805055406152298
5.0,4.867472173454641,0.13252782654535888
3.0,2.8046504271114383,0.1953495728885617
2.0,2.0499646421557634,0.04996464215576335
1.0,1.2340007736094467,0.2340007736094467
2.0,1.9535974922575057,0.046402507742494326
1.0,1.458006846495976,0.4580068464959759
4.0,3.3508480131171945,0.6491519868828055
3.0,2.938685672696145,0.061314327303855
1.0,1.509610846925761,0.509610846925761
4.0,3.209667073300407,0.7903329266995929
2.0,2.367534713377916,0.3675347133779159
3.0,2.902094056055942,0.09790594394405794
2.0,2.469408976529223,0.46940897652922287
3.0,3.2867313089901344,0.28673130899013444
1.0,1.5388429856497863,0.5388429856497863
2.0,2.0392247804381984,0.03922478043819844
1.0,1.9946440345816967,0.9946440345816967
3.0,3.2171268207424752,0.21712682074247525
2.0,2.0709759590537784,0.0709759590537784
7.0,6.34611611153424,0.6538838884657601
3.0,3.025694631768115,0.025694631768114817
1.0,1.4873106627190444,0.48731066271904444
4.0,4.193416761305342,0.19341676130534236
2.0,2.571430055839592,0.5714300558395919
7.0,5.4670764001880965,1.5329235998119035
2.0,2.225636540200546,0.2256365402005458
1.0,1.365265774972791,0.365265774972791
2.0,2.514253831007274,0.5142538310072742
4.0,3.4794366372496643,0.5205633627503357
2.0,2.2179437081949387,0.2179437081949387
1.0,1.7049200081224356,0.7049200081224356
1.0,1.5686843865757856,0.5686843865757856
4.0,3.837325641460517,0.16267435853948298
4.0,4.230869751319808,0.23086975131980836
4.0,3.703716925598193,0.2962830744018068
0.0,0.7529078548708874,0.7529078548708874
1.0,1.6996229054643768,0.6996229054643768
5.0,4.498133668466512,0.5018663315334884
3.0,3.2905503133451264,0.2905503133451264
2.0,2.396129788357179,0.3961297883571788
4.0,3.7230450638497374,0.27695493615026257
3.0,2.8647511240905463,0.13524887590945367
6.0,5.265345649758416,0.7346543502415841
3.0,2.84920747372194,0.15079252627805984
1.0,1.5150484481025288,0.5150484481025288
3.0,3.1484744186561477,0.14847441865614774
2.0,2.059592251672565,0.05959225167256488
0.0,1.0132500126237762,1.0132500126237762
2.0,2.3419381107222748,0.34193811072227476
7.0,6.367478716945202,0.6325212830547979
7.0,6.622673065443885,0.3773269345561152
5.0,3.863000124739195,1.136999875260805
6.0,5.557751280718524,0.44224871928147635
2.0,2.2252213174076467,0.22522131740764673
6.0,5.200460206086278,0.7995397939137217
4.0,3.9793200459972056,0.020679954002794432
7.0,5.976023423613209,1.023976576386791
0.0,0.536407848957555,0.536407848957555
6.0,5.660399193182614,0.33960080681738614
1.0,1.5049943020584633,0.5049943020584633
2.0,2.09578595498147,0.09578595498147013
2.0,2.1535600468827245,0.1535600468827245
7.0,6.9003904129342715,0.09960958706572853
2.0,2.167044985220895,0.16704498522089484
2.0,2.1328550723773723,0.13285507237737226
7.0,6.14315853267162,0.8568414673283797
2.0,2.4850390259588577,0.48503902595885773
5.0,4.529328813389064,0.4706711866109359
3.0,3.0263435544944177,0.02634355449441772
1.0,1.9209706859063034,0.9209706859063034
2.0,2.4327716935931885,0.43277169359318846
2.0,2.281289400880577,0.28128940088057686
3.0,2.582792424090518,0.4172075759094822
2.0,2.0785830715023295,0.07858307150232946
3.0,2.570038453741333,0.4299615462586668
2.0,2.6244976168822296,0.6244976168822296
6.0,4.830843006449047,1.1691569935509527
2.0,2.6130162308097953,0.6130162308097953
5.0,3.8957117157769465,1.1042882842230535
2.0,2.272660754538878,0.27266075453887817
4.0,4.054652255499168,0.05465225549916841
5.0,4.705163091805854,0.29483690819414576
1.0,1.4660917928778794,0.4660917928778794
2.0,2.159766051543838,0.15976605154383794
3.0,2.8320670707847384,0.1679329292152616
4.0,3.8013999058392463,0.19860009416075375
1.0,1.5101790820521173,0.5101790820521173
2.0,2.2385310704842816,0.23853107048428157
3.0,2.8621684466088304,0.1378315533911696
3.0,2.7124496178156163,0.28755038218438367
3.0,2.4003960368098505,0.5996039631901495
4.0,3.558733968741065,0.44126603125893515
3.0,2.6712510017407074,0.3287489982592926
4.0,3.5616383770867888,0.43836162291321124
5.0,4.545253238080571,0.454746761919429
3.0,2.5266935755372324,0.4733064244627676
3.0,3.099462548401214,0.09946254840121416
3.0,3.005227662081366,0.005227662081365825
2.0,2.3540586041550444,0.3540586041550444
6.0,5.053531274007619,0.9464687259923812
3.0,2.8688257387411786,0.13117426125882137
3.0,3.069393045338661,0.06939304533866109
1.0,1.3933197242710358,0.3933197242710358
2.0,2.140906431579899,0.14090643157989913
5.0,4.4365824705550185,0.5634175294449815
3.0,2.9935913397899165,0.006408660210083461
2.0,2.097031356380048,0.097031356380048
3.0,2.674012409462073,0.32598759053792703
3.0,3.0291864603744485,0.029186460374448497
3.0,2.9314195687021236,0.06858043129787639
6.0,5.0593550707341635,0.9406449292658365
3.0,2.7521616728137195,0.24783832718628052
3.0,3.1585601836782073,0.15856018367820734
2.0,2.042312438918544,0.04231243891854408
7.0,6.205477426365109,0.7945225736348913
3.0,2.771100251352865,0.22889974864713514
2.0,2.434208699106102,0.4342086991061018
2.0,2.5143085000706606,0.5143085000706606
5.0,4.084169753801703,0.915830246198297
4.0,3.961551035151439,0.03844896484856086
1.0,1.7639808375010586,0.7639808375010586
5.0,3.8137321352671103,1.1862678647328897
2.0,2.180721027643904,0.1807210276439042
3.0,2.821982952291289,0.17801704770871085
3.0,3.0928144682574694,0.09281446825746942
6.0,5.010776228162548,0.9892237718374517
3.0,2.5022263601160346,0.4977736398839654
1.0,2.128957229701902,1.1289572297019022
0.0,1.3570178918548894,1.3570178918548894
0.0,0.6743504333471662,0.6743504333471662
3.0,3.329724163816734,0.3297241638167341
2.0,2.855962963707514,0.8559629637075141
2.0,2.348364695441258,0.34836469544125803
5.0,4.451063219167347,0.5489367808326531
2.0,2.3228210280816204,0.3228210280816204
2.0,2.025995317534878,0.025995317534877938
2.0,1.8959235729442634,0.10407642705573661
4.0,4.115351616175283,0.11535161617528278
6.0,4.58063163989372,1.4193683601062803
2.0,2.2745349755499724,0.2745349755499724
4.0,3.908538539464205,0.09146146053579507
2.0,2.4585691208314113,0.4585691208314113
4.0,3.3614951014724372,0.6385048985275628
1.0,1.627479106936805,0.6274791069368051
2.0,2.13025743908659,0.13025743908659004
4.0,3.3249905904322774,0.6750094095677226
3.0,2.891306842920352,0.1086931570796481
2.0,2.3493351127442126,0.3493351127442126
0.0,0.8248668673216288,0.8248668673216288
1.0,1.0613514760396952,0.06135147603969515
5.0,4.024995758711092,0.9750042412889082
2.0,2.407487832310911,0.407487832310911
6.0,5.465394115234475,0.5346058847655248
1.0,1.5678788913411483,0.5678788913411483
2.0,2.722558961899779,0.7225589618997792
2.0,1.7214331178161386,0.2785668821838614
3.0,2.441101444572087,0.5588985554279131
5.0,4.79522654617668,0.20477345382331968
2.0,2.1918073798647852,0.19180737986478524
1.0,1.4184009733568084,0.41840097335680837
2.0,2.3785126858987042,0.37851268589870424
3.0,2.3688959379950734,0.6311040620049266
2.0,2.0389932635345014,0.03899326353450139
3.0,3.369583332464561,0.3695833324645612
3.0,2.8775227640185856,0.12247723598141436
3.0,3.0679560215151627,0.06795602151516267
5.0,4.939250704866954,0.06074929513304639
3.0,2.9686703575116145,0.031329642488385545
4.0,3.706844814475473,0.2931551855245269
1.0,1.515628041579658,0.5156280415796579
3.0,2.650286717591787,0.3497132824082132
1.0,1.3619644725678837,0.36196447256788367
3.0,2.7238771321898154,0.2761228678101846
0.0,1.047013396195629,1.047013396195629
1.0,1.2697739209325187,0.26977392093251873
2.0,2.102867704403071,0.1028677044030708
3.0,2.8342552680038837,0.16574473199611628
5.0,4.501426544072174,0.49857345592782565
5.0,4.6601985907357975,0.33980140926420255
3.0,2.6712066035809756,0.3287933964190244
4.0,3.9582961142160507,0.041703885783949346
4.0,4.109068771098172,0.1090687710981717
1.0,1.0911192995684809,0.09111929956848086
2.0,2.735295986091929,0.7352959860919288
5.0,4.713203257630346,0.2867967423696536
2.0,2.1832352651857687,0.18323526518576871
1.0,1.5214980236837297,0.5214980236837297
3.0,2.5834108408033316,0.4165891591966684
3.0,2.9793128822933057,0.02068711770669429
3.0,2.814953389473474,0.18504661052652605
3.0,2.6937446598919697,0.30625534010803035
1.0,1.4780106737601462,0.47801067376014617
2.0,2.150236158169665,0.15023615816966496
2.0,2.5694765224200538,0.5694765224200538
2.0,2.327487117748219,0.3274871177482188
3.0,3.162114304105274,0.16211430410527417
3.0,3.0395866116396375,0.0395866116396375
5.0,4.354442667015276,0.6455573329847244
0.0,1.190139113758355,1.190139113758355
3.0,3.187754371201317,0.18775437120131722
4.0,3.5729385310281616,0.4270614689718384
3.0,2.3567200697782624,0.6432799302217376
0.0,0.8855446205967938,0.8855446205967938
0.0,0.9844453701163725,0.9844453701163725
1.0,1.6446621702196116,0.6446621702196116
3.0,2.9410244282670113,0.05897557173298873
2.0,2.4598433606031977,0.45984336060319775
3.0,2.8702718773537246,0.12972812264627542
3.0,3.1649126019330653,0.16491260193306534
4.0,3.0371083303278597,0.9628916696721403
2.0,2.2401567341403323,0.24015673414033234
1.0,2.203793666325476,1.2037936663254758
8.0,6.655518476748777,1.3444815232512228
6.0,5.24653428641678,0.7534657135832203
4.0,3.918715076559355,0.08128492344064497
3.0,3.014421340272897,0.014421340272896987
0.0,0.5894336833780702,0.5894336833780702
4.0,3.7606776436057876,0.2393223563942124
4.0,3.985612825842117,0.014387174157882932
6.0,4.865752557393699,1.1342474426063012
4.0,3.8071320800414092,0.19286791995859076
1.0,1.4719166885482045,0.47191668854820445
2.0,2.3786632591447745,0.3786632591447745
5.0,4.416187313180936,0.5838126868190638
2.0,2.3119459699902847,0.3119459699902847
1.0,1.434790956050613,0.4347909560506129
1.0,1.8276525646741655,0.8276525646741655
2.0,1.991077747378712,0.008922252621287985
0.0,1.138593114695602,1.138593114695602
1.0,1.825256397241704,0.825256397241704
2.0,2.164960644601455,0.1649606446014551
2.0,2.3537009230510066,0.35370092305100664
3.0,3.3595413036088853,0.35954130360888525
2.0,2.4426802461808177,0.4426802461808177
4.0,3.5142462850467835,0.4857537149532165
2.0,1.9408453105237884,0.05915468947621161
4.0,3.234594565450066,0.7654054345499341
4.0,3.3449205175390677,0.6550794824609323
3.0,2.9862885051347545,0.013711494865245477
3.0,3.300565442380663,0.30056544238066296
2.0,2.229325958965913,0.22932595896591312
4.0,4.0245434955480865,0.024543495548086547
1.0,1.6825971012150902,0.6825971012150902
2.0,2.466253329926975,0.4662533299269751
2.0,2.127045848912294,0.1270458489122941
2.0,2.109672110959254,0.109672110959254
4.0,4.040531590520098,0.04053159052009825
1.0,1.4053017867202378,0.40530178672023776
1.0,1.2104378487578955,0.2104378487578955
0.0,0.8624068616548941,0.8624068616548941
3.0,2.859825994639411,0.14017400536058888
2.0,1.6367438287410645,0.3632561712589355
2.0,2.661103201726845,0.6611032017268448
4.0,3.3281197330487364,0.6718802669512636
3.0,3.2821738011578314,0.2821738011578314
2.0,2.098482874684496,0.09848287468449612
2.0,2.429643347971118,0.42964334797111814
1.0,1.6800606742910535,0.6800606742910535
4.0,3.3161776180276172,0.6838223819723828
5.0,4.188541764912583,0.8114582350874171
1.0,1.7954625814586254,0.7954625814586254
2.0,2.052664206266129,0.05266420626612911
2.0,2.316765331227658,0.31676533122765793
2.0,2.423627172239709,0.4236271722397089
4.0,4.170938079017185,0.17093807901718527
6.0,5.777359602782004,0.22264039721799556
0.0,1.1881404316510504,1.1881404316510504
4.0,3.6425703684213193,0.3574296315786807
7.0,6.151623838031682,0.8483761619683179
4.0,4.354697672086278,0.354697672086278
4.0,4.097620930280748,0.09762093028074759
1.0,1.292517909804266,0.29251790980426606
2.0,2.4197215137659436,0.4197215137659436
1.0,1.4846131190880971,0.4846131190880971
4.0,3.1400607684009163,0.8599392315990837
3.0,2.9724008232305104,0.02759917676948964
2.0,1.8674082089035862,0.13259179109641384
3.0,2.6959481814900514,0.30405181850994856
0.0,0.4453341374772033,0.4453341374772033
2.0,2.4421345790511313,0.4421345790511313
4.0,3.8610951152137676,0.13890488478623242
4.0,4.164374163817955,0.16437416381795522
0.0,0.5796914237468829,0.5796914237468829
3.0,2.7756579243040234,0.22434207569597664
4.0,3.2611830821832215,0.7388169178167785
7.0,6.1337647810800995,0.8662352189199005
5.0,4.432116422585214,0.5678835774147863
7.0,5.761381248072652,1.2386187519273477
1.0,1.4171566991535134,0.4171566991535134
4.0,3.7744243545257943,0.22557564547420572
1.0,1.9882977605958052,0.9882977605958052
0.0,1.2804147865682198,1.2804147865682198
5.0,4.6879262997256275,0.31207370027437253
5.0,4.651677242684092,0.3483227573159082
1.0,1.8250515271183991,0.8250515271183991
4.0,3.3675126355868157,0.6324873644131843
3.0,3.1687782636770083,0.16877826367700832
2.0,1.8731042565262719,0.12689574347372812
2.0,2.0456067929023476,0.04560679290234759
1.0,1.6369293271306993,0.6369293271306993
0.0,0.830453023571958,0.830453023571958
6.0,4.351827416420691,1.648172583579309
2.0,2.818751096451994,0.8187510964519942
2.0,2.393540397042244,0.3935403970422442
3.0,2.7431916916041614,0.25680830839583857
2.0,2.4543414563641055,0.4543414563641055
4.0,2.990613570183028,1.009386429816972
1.0,1.4993786476859652,0.4993786476859652
5.0,4.586044707273311,0.41395529272668874
6.0,4.821876719861146,1.1781232801388537
2.0,2.175483569865103,0.17548356986510294
3.0,3.0853332579402624,0.08533325794026236
3.0,3.0415773333494776,0.04157733334947755
3.0,2.874304371676646,0.12569562832335412
3.0,2.606460893794326,0.3935391062056741
2.0,2.100466328841699,0.10046632884169915
3.0,3.4156309833960155,0.41563098339601545
1.0,1.814867515457405,0.814867515457405
5.0,4.630536385380406,0.369463614619594
4.0,3.429240548439562,0.5707594515604382
1.0,1.7015790513810949,0.7015790513810949
1.0,1.4133600839385863,0.41336008393858625
4.0,3.9694555144030557,0.030544485596944337
2.0,1.9921553954919422,0.007844604508057795
2.0,2.1922915113429027,0.19229151134290268
4.0,3.724051550420659,0.27594844957934095
2.0,2.4203204254148813,0.42032042541488135
3.0,2.8705430843797353,0.12945691562026473
1.0,1.8698296460289363,0.8698296460289363
1.0,1.0768327368785773,0.07683273687857728
0.0,0.5336271400893855,0.5336271400893855
3.0,2.5130777080934865,0.4869222919065135
8.0,6.8545827124995,1.1454172875005
2.0,2.6830218075637977,0.6830218075637977
3.0,2.7098562043222874,0.29014379567771265
1.0,1.690888982598453,0.690888982598453
2.0,2.0581514897179822,0.05815148971798223
2.0,2.379594552496724,0.3795945524967239
1.0,1.4983566275108948,0.4983566275108948
4.0,3.4636964291895103,0.5363035708104897
3.0,2.580667382941812,0.4193326170581879
2.0,2.086559443980623,0.08655944398062321
2.0,2.4977098820818466,0.49770988208184663
2.0,2.513440667771887,0.5134406677718868
0.0,1.0051704525486356,1.0051704525486356
5.0,4.254400163588629,0.7455998364113707
7.0,6.221543172966463,0.778456827033537
2.0,2.305655694481687,0.30565569448168706
4.0,3.547947611031421,0.4520523889685788
5.0,4.902958869665409,0.09704113033459105
2.0,2.4384862001284406,0.43848620012844064
3.0,3.2206485955164483,0.22064859551644833
1.0,1.2362033427163257,0.2362033427163257
5.0,4.449829234163973,0.5501707658360271
4.0,3.8499014441050847,0.15009855589491528
3.0,2.8587251173558057,0.1412748826441943
4.0,3.547033926523143,0.452966073476857
2.0,2.0304567034876118,0.030456703487611758
4.0,3.9477934763504567,0.05220652364954326
6.0,5.7501291873420115,0.2498708126579885
5.0,4.770542653701052,0.22945734629894776
2.0,2.426149295899516,0.4261492958995161
3.0,2.963635093216907,0.0363649067830929
4.0,3.806628624252352,0.19337137574764807
3.0,3.069941254283348,0.06994125428334819
3.0,2.807029816200257,0.19297018379974284
5.0,4.333112119600275,0.6668878803997247
1.0,1.4195356481539323,0.4195356481539323
0.0,0.22295866819852295,0.22295866819852295
2.0,2.375367339517173,0.3753673395171728
1.0,1.6191489643721322,0.6191489643721322
0.0,0.9576315633566344,0.9576315633566344
2.0,2.3672741078571473,0.3672741078571473
2.0,2.142114629970973,0.14211462997097302
5.0,4.207719889784309,0.7922801102156907
2.0,2.3649174542466778,0.36491745424667776
3.0,2.8929729872742262,0.10702701272577375
3.0,3.1790342749614124,0.17903427496141244
1.0,1.6214098008921507,0.6214098008921507
4.0,4.277621441266458,0.27762144126645794
3.0,3.1207512958510106,0.12075129585101063
2.0,2.413840760708587,0.4138407607085872
1.0,1.4651738049072762,0.4651738049072762
5.0,4.619203267903856,0.38079673209614384
3.0,2.829456835655943,0.17054316434405692
3.0,3.230163651281079,0.23016365128107896
2.0,2.0539344975728575,0.05393449757285751
3.0,3.3148853342763536,0.31488533427635357
3.0,2.686117298952965,0.3138827010470351
3.0,2.78533183127418,0.21466816872582006
1.0,1.9025149916063473,0.9025149916063473
3.0,2.83362376647731,0.16637623352269015
3.0,3.049928514837273,0.049928514837272786
2.0,2.1412969693444577,0.14129696934445768
0.0,1.064463249965862,1.064463249965862
7.0,4.858111541424517,2.141888458575483
5.0,4.329204953664142,0.6707950463358578
4.0,3.7265916404091595,0.27340835959084053
0.0,0.5013268081218412,0.5013268081218412
4.0,3.4558331173575705,0.5441668826424295
1.0,1.0917568327649139,0.09175683276491386
5.0,4.409673144516267,0.5903268554837329
2.0,2.1399245507108278,0.13992455071082777
2.0,2.0266201883243413,0.02662018832434132
3.0,3.389961412816532,0.38996141281653207
3.0,2.6778705557652858,0.32212944423471424
3.0,3.2285241478474442,0.22852414784744424
1.0,1.4581986804773919,0.4581986804773919
0.0,0.9399130447600297,0.9399130447600297
2.0,2.293545219977276,0.2935452199772759
1.0,1.947276705747447,0.9472767057474469
1.0,1.7025033004500092,0.7025033004500092
5.0,4.609413353256048,0.3905866467439516
2.0,2.270453234509884,0.2704532345098838
6.0,5.163486409611037,0.8365135903889627
1.0,1.3511459194630506,0.3511459194630506
4.0,4.080977947382107,0.08097794738210684
6.0,4.659751980829445,1.3402480191705548
5.0,4.532014769226266,0.467985230773734
2.0,2.470616210090262,0.4706162100902622
2.0,2.4550187123192497,0.45501871231924973
4.0,3.6479108147034016,0.3520891852965984
1.0,1.4463184358251306,0.44631843582513064
2.0,2.3538654514877857,0.3538654514877857
4.0,3.741980356643925,0.2580196433560751
1.0,1.2151205554362172,0.21512055543621722
2.0,2.104787878935986,0.10478787893598618
4.0,3.5904583459860624,0.4095416540139376
4.0,3.73818505672709,0.2618149432729102
1.0,1.6191557855226648,0.6191557855226648
2.0,2.228678746397973,0.22867874639797314
1.0,1.563003311213613,0.563003311213613
0.0,0.37333780554522367,0.37333780554522367
2.0,1.8604866637593735,0.13951333624062645
2.0,1.9250318101701338,0.0749681898298662
3.0,2.8518740429826,0.14812595701739983
3.0,3.0836335125386154,0.0836335125386154
3.0,3.0020564317372838,0.0020564317372837593
4.0,3.144243180982612,0.8557568190173881
3.0,3.0046024791289763,0.004602479128976267
2.0,1.9605305289892805,0.039469471010719515
8.0,7.4760195806894165,0.5239804193105835
2.0,2.0977222452644444,0.0977222452644444
3.0,3.219445630250811,0.21944563025081099
4.0,3.5350184360032433,0.4649815639967567
1.0,1.5675549166174187,0.5675549166174187
3.0,2.9000470103410247,0.09995298965897526
1.0,1.2208274847100895,0.2208274847100895
2.0,2.3396559428634256,0.3396559428634256
5.0,4.55356710462621,0.44643289537378994
3.0,2.9027743106192703,0.09722568938072973
3.0,2.984278487535369,0.015721512464630827
3.0,2.192281194321037,0.807718805678963
5.0,4.489676752147797,0.5103232478522033
3.0,2.986435447138258,0.013564552861741852
4.0,3.7599591588286914,0.24004084117130864
2.0,2.125783714701419,0.12578371470141914
3.0,2.667173265066909,0.3328267349330911
4.0,3.4066124171815475,0.5933875828184525
1.0,1.753287460497516,0.7532874604975159
1.0,1.2371865269157463,0.23718652691574627
3.0,3.0338613371738403,0.03386133717384032
4.0,3.5214515821365886,0.4785484178634114
4.0,3.9785128747520977,0.021487125247902306
3.0,2.97891518345152,0.021084816548480045
1.0,1.4460729179801999,0.4460729179801999
2.0,2.3697863489294466,0.3697863489294466
2.0,2.22008901865847,0.22008901865847008
2.0,2.310082567620399,0.3100825676203991
2.0,2.2399196332576503,0.2399196332576503
2.0,2.184123845452464,0.18412384545246407
4.0,3.4925994336913084,0.5074005663086916
2.0,2.036530522025201,0.036530522025200796
2.0,2.3466502478322577,0.34665024783225773
4.0,3.5090864034536686,0.4909135965463314
4.0,4.1187529969097865,0.11875299690978647
3.0,2.944856459544648,0.05514354045535219
3.0,2.5197604750639906,0.4802395249360094
1.0,1.4033534242442909,0.4033534242442909
2.0,2.187053174654687,0.18705317465468685
1.0,1.5725905162869953,0.5725905162869953
5.0,3.706727361626655,1.2932726383733448
3.0,2.6807687699421314,0.3192312300578686
3.0,2.8726018598513017,0.12739814014869832
5.0,4.8883750075951,0.11162499240490042
1.0,1.126249041467895,0.12624904146789495
3.0,2.964214746923796,0.03578525307620417
1.0,1.5008770175085364,0.5008770175085364
5.0,5.007120194585104,0.007120194585104045
1.0,1.618452528581343,0.6184525285813429
3.0,3.2769858981106523,0.27698589811065233
1.0,1.1528211992630504,0.15282119926305038
3.0,3.050001483440046,0.05000148344004618
1.0,1.5770077089435364,0.5770077089435364
5.0,4.006894131851539,0.9931058681484606
1.0,1.694558280618195,0.6945582806181949
1.0,1.6344272074646375,0.6344272074646375
2.0,2.149614264064266,0.14961426406426614
5.0,4.671829876540681,0.3281701234593193
4.0,3.996707712307101,0.0032922876928989098
3.0,2.985943899810273,0.014056100189726806
1.0,1.847148953854328,0.847148953854328
2.0,2.129554736502003,0.1295547365020031
4.0,3.710527899425344,0.2894721005746561
0.0,0.4739891536763188,0.4739891536763188
4.0,3.5054136899994526,0.4945863100005474
2.0,2.314487345169713,0.314487345169713
2.0,2.502000075138165,0.5020000751381648
3.0,2.8428893589833746,0.15711064101662542
2.0,1.6720434273113818,0.3279565726886182
2.0,2.247466970893745,0.24746697089374514
1.0,1.5124797697618,0.5124797697618
2.0,2.62687543692416,0.62687543692416
2.0,2.172916801153978,0.17291680115397812
1.0,1.9396061588979345,0.9396061588979345
1.0,1.3966121764656354,0.3966121764656354
1.0,1.6847281521780955,0.6847281521780955
3.0,2.3559382170437866,0.6440617829562134
0.0,1.0483541424918636,1.0483541424918636
1.0,1.7312795681540427,0.7312795681540427
1.0,1.94759846980046,0.94759846980046
1.0,1.4007369958461042,0.4007369958461042
2.0,1.8975931938429622,0.10240680615703779
2.0,2.660040954575153,0.6600409545751531
4.0,3.6399929195541216,0.36000708044587837
2.0,2.3085364784394553,0.3085364784394553
3.0,2.8196885643315586,0.18031143566844143
5.0,4.309455475068315,0.6905445249316848
3.0,2.675473971765385,0.3245260282346152
3.0,2.807510243776501,0.19248975622349906
1.0,1.1409779968744491,0.14097799687444912
4.0,3.993968525842833,0.006031474157166983
5.0,3.993066360502286,1.006933639497714
2.0,2.333268319698579,0.33326831969857906
2.0,1.8056944635378194,0.19430553646218063
2.0,2.0550790998564836,0.055079099856483626
1.0,1.3482290271392496,0.34822902713924964
1.0,1.1173315951771543,0.1173315951771543
4.0,3.987919967974425,0.012080032025575171
3.0,3.078193272440209,0.0781932724402088
2.0,2.119982619870107,0.11998261987010705
1.0,1.5706840120519672,0.5706840120519672
3.0,3.0878518852066392,0.08785188520663922
4.0,3.8809524717958377,0.11904752820416231
3.0,2.840994633494899,0.159005366505101
9.0,8.044047432893688,0.955952567106312
3.0,3.165984789683746,0.16598478968374586
1.0,1.6669435402622752,0.6669435402622752
4.0,3.381554365396942,0.618445634603058
6.0,5.001626845892131,0.9983731541078686
4.0,4.263478650362436,0.263478650362436
4.0,3.3481533204324387,0.6518466795675613
2.0,1.9294991896832365,0.07050081031676347
4.0,3.545308202101836,0.45469179789816394
5.0,3.7521676956503702,1.2478323043496298
2.0,2.063405603107191,0.06340560310719079
3.0,2.9865272959442692,0.013472704055730755
4.0,3.1434824509366104,0.8565175490633896
4.0,3.624652607366011,0.375347392633989
2.0,2.2832805153870286,0.2832805153870286
3.0,3.0723963888312125,0.07239638883121247
2.0,2.049674111314034,0.049674111314033986
5.0,4.532829978797328,0.4671700212026719
3.0,2.8326975306854294,0.1673024693145706
1.0,1.3290672727200663,0.3290672727200663
4.0,3.389888608005024,0.6101113919949759
1.0,1.124534688244959,0.12453468824495895
2.0,2.3515361834693866,0.35153618346938664
3.0,2.8095256476811916,0.19047435231880838
3.0,2.748410838407318,0.25158916159268196
2.0,2.38915772099616,0.3891577209961601
4.0,3.778399179153724,0.22160082084627586
2.0,2.255727733188199,0.25572773318819886
3.0,2.8153554357615196,0.1846445642384804
1.0,1.9472489281685226,0.9472489281685226
3.0,2.714920774129456,0.28507922587054413
2.0,2.336519489041443,0.3365194890414429
1.0,1.5877199273624225,0.5877199273624225
3.0,3.0920843769960302,0.09208437699603023
1.0,1.4064749437953115,0.40647494379531146
1.0,1.1402780085269713,0.14027800852697125
2.0,2.1831207791545157,0.18312077915451574
3.0,2.8331778126911047,0.1668221873088953
2.0,2.2969402616692407,0.2969402616692407
2.0,2.142829789033303,0.142829789033303
3.0,2.2959685034706454,0.7040314965293546
2.0,2.3799300179061387,0.3799300179061387
8.0,6.238769368688193,1.7612306313118067
3.0,3.0224085910042096,0.022408591004209555
3.0,3.0290227994835197,0.029022799483519712
1.0,2.0005904298434776,1.0005904298434776
2.0,2.031349391212288,0.03134939121228797
2.0,2.082007118238276,0.082007118238276
4.0,3.7889332889262284,0.21106671107377162
6.0,5.849929752906153,0.1500702470938471
3.0,2.606071409609132,0.393928590390868
6.0,5.309087013202603,0.6909129867973967
4.0,3.7035039878424962,0.29649601215750376
1.0,1.225575776972112,0.22557577697211206
2.0,2.3624600281040857,0.36246002810408573
2.0,2.822084826745143,0.8220848267451428
1.0,1.555985664713046,0.5559856647130459
3.0,2.8226279672888155,0.1773720327111845
2.0,2.0945537133248755,0.0945537133248755
1.0,1.4290484996761412,0.4290484996761412
1.0,1.2570654759958846,0.2570654759958846
4.0,3.9181650904383467,0.08183490956165329
0.0,0.6837979531753913,0.6837979531753913
2.0,2.037431613328634,0.03743161332863387
1.0,1.4024247734385902,0.4024247734385902
3.0,2.8355738503058125,0.16442614969418745
4.0,3.696590965803005,0.30340903419699483
8.0,7.199786761629677,0.8002132383703229
7.0,6.508426574441756,0.49157342555824357
0.0,0.7451208453548563,0.7451208453548563
6.0,5.560890192981902,0.4391098070180979
0.0,0.4549837667965009,0.4549837667965009
3.0,2.8850564831310743,0.11494351686892568
4.0,3.8806115878104293,0.11938841218957075
3.0,2.7654397228840426,0.2345602771159574
3.0,2.726135588599251,0.27386441140074913
2.0,2.13029079811141,0.13029079811140987
1.0,1.7847239165243634,0.7847239165243634
1.0,1.4685997753973334,0.46859977539733344
4.0,3.9441388507305035,0.05586114926949648
5.0,3.7165889611686196,1.2834110388313804
1.0,1.0912378873500235,0.09123788735002347
1.0,1.1898580167174906,0.18985801671749059
4.0,3.4049618027030224,0.5950381972969776
6.0,5.513038414749847,0.4869615852501532
3.0,2.968611952225652,0.03138804777434778
6.0,4.983954311743614,1.0160456882563862
0.0,1.0943316632766968,1.0943316632766968
5.0,4.499966365274057,0.5000336347259431
3.0,3.2051601736036135,0.2051601736036135
4.0,4.024584464914295,0.024584464914294557
6.0,4.977913060941101,1.022086939058899
3.0,2.6364329441649996,0.3635670558350004
0.0,0.5947155278858562,0.5947155278858562
1.0,1.5746827873892826,0.5746827873892826
2.0,2.4938285479278792,0.4938285479278792
1.0,1.5402860509087941,0.5402860509087941
1.0,1.7599209775901015,0.7599209775901015
3.0,3.085776208731373,0.08577620873137315
1.0,1.6309029162942321,0.6309029162942321
4.0,3.8080416088406084,0.19195839115939162
1.0,1.7398080186123586,0.7398080186123586
5.0,4.594156875874692,0.4058431241253082
3.0,2.916000929563752,0.08399907043624788
7.0,6.854002766060986,0.14599723393901431
1.0,1.6411924169182366,0.6411924169182366
2.0,2.1327933206019933,0.13279332060199334
2.0,2.521893850594043,0.5218938505940431
6.0,4.905256092637117,1.0947439073628829
3.0,3.000692503071142,0.0006925030711419922
0.0,0.5661114456446055,0.5661114456446055
4.0,4.16407629709304,0.1640762970930396
5.0,4.287914434658402,0.7120855653415976
4.0,3.5987877210866115,0.4012122789133885
2.0,1.8756765805023439,0.12432341949765613
3.0,2.953114563506711,0.046885436493289134
2.0,2.34250476971485,0.34250476971485
3.0,3.1729781305119285,0.17297813051192845
2.0,2.3119828020469955,0.31198280204699547
2.0,2.1450068073956343,0.14500680739563432
1.0,1.31988937624047,0.31988937624047
3.0,3.122219852201208,0.12221985220120812
4.0,3.954621301025966,0.045378698974034126
3.0,2.81415278885521,0.18584721114478997
1.0,1.5420742517734967,0.5420742517734967
5.0,4.774952728272095,0.22504727172790506
3.0,2.656146654564121,0.3438533454358792
6.0,5.5190325776617195,0.4809674223382805
3.0,2.893632294679981,0.10636770532001893
1.0,1.4528355594343605,0.4528355594343605
3.0,2.9135053707376968,0.08649462926230322
0.0,0.6888278092002174,0.6888278092002174
2.0,1.9435289308892996,0.056471069110700434
3.0,2.7001373478384405,0.2998626521615595
2.0,2.625194988854668,0.625194988854668
3.0,2.8596495451422297,0.1403504548577703
5.0,4.607763037546551,0.39223696245344897
5.0,4.536939578806931,0.46306042119306934
1.0,1.4654184659600114,0.46541846596001135
3.0,3.1796170473951575,0.1796170473951575
6.0,5.121551584578705,0.8784484154212953
2.0,1.9275795053201832,0.07242049467981682
3.0,2.475573262592418,0.5244267374075822
2.0,2.457417521066265,0.4574175210662652
2.0,2.5272994009876553,0.5272994009876553
0.0,0.8188191365462938,0.8188191365462938
1.0,1.735385753343224,0.735385753343224
1.0,2.0211421981904008,1.0211421981904008
3.0,2.9039626949156103,0.09603730508438968
4.0,3.756456126827838,0.24354387317216197
3.0,2.3639206010324423,0.6360793989675577
5.0,4.547255185176889,0.45274481482311124
2.0,2.447062895779688,0.44706289577968805
1.0,1.484704110095404,0.48470411009540393
3.0,2.8561884707672465,0.14381152923275353
2.0,2.16216808565592,0.16216808565592
3.0,2.943367899399295,0.056632100600705115
1.0,2.050563345496096,1.050563345496096
1.0,1.8421958389774609,0.8421958389774609
3.0,2.697276758999101,0.3027232410008991
4.0,4.059976119654289,0.05997611965428895
2.0,1.9270841321458216,0.07291586785417836
1.0,1.6639087417135585,0.6639087417135585
5.0,4.673503385884384,0.3264966141156158
1.0,1.6275503860625258,0.6275503860625258
4.0,3.467809114462352,0.532190885537648
4.0,3.767068014818142,0.2329319851818581
4.0,2.827101220344569,1.1728987796554309
3.0,3.1896765383709393,0.18967653837093934
2.0,1.999559604873836,0.000440395126164006
1.0,1.2149554402225087,0.21495544022250868
3.0,3.0892321138887073,0.08923211388870733
3.0,2.928285685083828,0.07171431491617186
3.0,2.799091582823977,0.20090841717602315
1.0,1.5220361572940533,0.5220361572940533
3.0,3.0484174074808696,0.048417407480869645
2.0,2.2831330960595606,0.2831330960595606
4.0,4.1755295928653755,0.1755295928653755
4.0,3.6679306007678916,0.33206939923210843
2.0,2.5007823932352755,0.5007823932352755
4.0,4.0930790569150926,0.09307905691509255
5.0,4.594928020661007,0.4050719793389934
4.0,3.767224794581412,0.2327752054185881
4.0,3.763952468906826,0.236047531093174
1.0,1.271112842980515,0.27111284298051497
3.0,2.8957115418370813,0.10428845816291865
4.0,3.4759889534603667,0.5240110465396333
4.0,3.757041546531985,0.24295845346801492
4.0,3.0526448110990283,0.9473551889009717
1.0,2.374998243129673,1.374998243129673
3.0,2.9197860065157664,0.08021399348423364
2.0,2.38233842597287,0.38233842597287016
2.0,2.5216820256733503,0.5216820256733503
3.0,2.9140618055467606,0.08593819445323936
1.0,1.795596586972311,0.795596586972311
1.0,1.2940607583710746,0.2940607583710746
1.0,1.309668360676355,0.30966836067635506
0.0,0.9816408425176317,0.9816408425176317
4.0,3.868282597317343,0.13171740268265708
2.0,2.1812881747522015,0.1812881747522015
1.0,1.451202568025986,0.4512025680259859
2.0,2.4410939800774134,0.4410939800774134
1.0,1.3346810912348361,0.33468109123483614
5.0,4.376651903945616,0.623348096054384
5.0,4.1271756296387165,0.8728243703612835
1.0,1.31534990134167,0.31534990134167007
1.0,1.6219637753235492,0.6219637753235492
0.0,0.6830344809833315,0.6830344809833315
2.0,2.115548807616578,0.11554880761657804
2.0,2.2440042177769812,0.24400421777698122
2.0,2.211313511369519,0.2113135113695188
1.0,1.063825120995081,0.06382512099508109
4.0,3.8910580622790114,0.10894193772098859
